Date,City,u10_mean,u10_average,u10_median,u10_var,v10_mean,v10_average,v10_median,v10_var,t2m_mean,t2m_average,t2m_median,t2m_var,ssr_mean,ssr_average,ssr_median,ssr_var,str_mean,str_average,str_median,str_var
2019-01-01,ΔΗΜΟΣ ΣΚΙΑΘΟΥ,,,,,,,,,,,,,,,,,,,,
2019-01-02,ΔΗΜΟΣ ΣΚΙΑΘΟΥ,,,,,,,,,,,,,,,,,,,,
2019-01-03,ΔΗΜΟΣ ΣΚΙΑΘΟΥ,,,,,,,,,,,,,,,,,,,,
2019-01-04,ΔΗΜΟΣ ΣΚΙΑΘΟΥ,,,,,,,,,,,,,,,,,,,,
2019-01-05,ΔΗΜΟΣ ΣΚΙΑΘΟΥ,,,,,,,,,,,,,,,,,,,,
2019-01-06,ΔΗΜΟΣ ΣΚΙΑΘΟΥ,,,,,,,,,,,,,,,,,,,,
2019-01-07,ΔΗΜΟΣ ΣΚΙΑΘΟΥ,,,,,,,,,,,,,,,,,,,,
2019-01-08,ΔΗΜΟΣ ΣΚΙΑΘΟΥ,,,,,,,,,,,,,,,,,,,,
2019-01-09,ΔΗΜΟΣ ΣΚΙΑΘΟΥ,,,,,,,,,,,,,,,,,,,,
2019-01-10,ΔΗΜΟΣ ΣΚΙΑΘΟΥ,,,,,,,,,,,,,,,,,,,,
2019-01-11,ΔΗΜΟΣ ΣΚΙΑΘΟΥ,,,,,,,,,,,,,,,,,,,,
2019-01-12,ΔΗΜΟΣ ΣΚΙΑΘΟΥ,,,,,,,,,,,,,,,,,,,,
2019-01-13,ΔΗΜΟΣ ΣΚΙΑΘΟΥ,,,,,,,,,,,,,,,,,,,,
2019-01-14,ΔΗΜΟΣ ΣΚΙΑΘΟΥ,,,,,,,,,,,,,,,,,,,,
2019-01-15,ΔΗΜΟΣ ΣΚΙΑΘΟΥ,,,,,,,,,,,,,,,,,,,,
2019-01-16,ΔΗΜΟΣ ΣΚΙΑΘΟΥ,,,,,,,,,,,,,,,,,,,,
2019-01-17,ΔΗΜΟΣ ΣΚΙΑΘΟΥ,,,,,,,,,,,,,,,,,,,,
2019-01-18,ΔΗΜΟΣ ΣΚΙΑΘΟΥ,,,,,,,,,,,,,,,,,,,,
2019-01-19,ΔΗΜΟΣ ΣΚΙΑΘΟΥ,,,,,,,,,,,,,,,,,,,,
2019-01-20,ΔΗΜΟΣ ΣΚΙΑΘΟΥ,,,,,,,,,,,,,,,,,,,,
2019-01-21,ΔΗΜΟΣ ΣΚΙΑΘΟΥ,,,,,,,,,,,,,,,,,,,,
2019-01-22,ΔΗΜΟΣ ΣΚΙΑΘΟΥ,,,,,,,,,,,,,,,,,,,,
2019-01-23,ΔΗΜΟΣ ΣΚΙΑΘΟΥ,,,,,,,,,,,,,,,,,,,,
2019-01-24,ΔΗΜΟΣ ΣΚΙΑΘΟΥ,,,,,,,,,,,,,,,,,,,,
2019-01-25,ΔΗΜΟΣ ΣΚΙΑΘΟΥ,,,,,,,,,,,,,,,,,,,,
2019-01-26,ΔΗΜΟΣ ΣΚΙΑΘΟΥ,,,,,,,,,,,,,,,,,,,,
2019-01-27,ΔΗΜΟΣ ΣΚΙΑΘΟΥ,,,,,,,,,,,,,,,,,,,,
2019-01-28,ΔΗΜΟΣ ΣΚΙΑΘΟΥ,,,,,,,,,,,,,,,,,,,,
2019-01-29,ΔΗΜΟΣ ΣΚΙΑΘΟΥ,,,,,,,,,,,,,,,,,,,,
2019-01-30,ΔΗΜΟΣ ΣΚΙΑΘΟΥ,,,,,,,,,,,,,,,,,,,,
2019-01-31,ΔΗΜΟΣ ΣΚΙΑΘΟΥ,,,,,,,,,,,,,,,,,,,,
2019-02-01,ΔΗΜΟΣ ΣΚΙΑΘΟΥ,,,,,,,,,,,,,,,,,,,,
2019-02-02,ΔΗΜΟΣ ΣΚΙΑΘΟΥ,,,,,,,,,,,,,,,,,,,,
2019-02-03,ΔΗΜΟΣ ΣΚΙΑΘΟΥ,,,,,,,,,,,,,,,,,,,,
2019-02-04,ΔΗΜΟΣ ΣΚΙΑΘΟΥ,,,,,,,,,,,,,,,,,,,,
2019-02-05,ΔΗΜΟΣ ΣΚΙΑΘΟΥ,,,,,,,,,,,,,,,,,,,,
2019-02-06,ΔΗΜΟΣ ΣΚΙΑΘΟΥ,,,,,,,,,,,,,,,,,,,,
2019-02-07,ΔΗΜΟΣ ΣΚΙΑΘΟΥ,,,,,,,,,,,,,,,,,,,,
2019-02-08,ΔΗΜΟΣ ΣΚΙΑΘΟΥ,,,,,,,,,,,,,,,,,,,,
2019-02-09,ΔΗΜΟΣ ΣΚΙΑΘΟΥ,,,,,,,,,,,,,,,,,,,,
2019-02-10,ΔΗΜΟΣ ΣΚΙΑΘΟΥ,,,,,,,,,,,,,,,,,,,,
2019-02-11,ΔΗΜΟΣ ΣΚΙΑΘΟΥ,,,,,,,,,,,,,,,,,,,,
2019-02-12,ΔΗΜΟΣ ΣΚΙΑΘΟΥ,,,,,,,,,,,,,,,,,,,,
2019-02-13,ΔΗΜΟΣ ΣΚΙΑΘΟΥ,,,,,,,,,,,,,,,,,,,,
2019-02-14,ΔΗΜΟΣ ΣΚΙΑΘΟΥ,,,,,,,,,,,,,,,,,,,,
2019-02-15,ΔΗΜΟΣ ΣΚΙΑΘΟΥ,,,,,,,,,,,,,,,,,,,,
2019-02-16,ΔΗΜΟΣ ΣΚΙΑΘΟΥ,,,,,,,,,,,,,,,,,,,,
2019-02-17,ΔΗΜΟΣ ΣΚΙΑΘΟΥ,,,,,,,,,,,,,,,,,,,,
2019-02-18,ΔΗΜΟΣ ΣΚΙΑΘΟΥ,,,,,,,,,,,,,,,,,,,,
2019-02-19,ΔΗΜΟΣ ΣΚΙΑΘΟΥ,,,,,,,,,,,,,,,,,,,,
2019-02-20,ΔΗΜΟΣ ΣΚΙΑΘΟΥ,,,,,,,,,,,,,,,,,,,,
2019-02-21,ΔΗΜΟΣ ΣΚΙΑΘΟΥ,,,,,,,,,,,,,,,,,,,,
2019-02-22,ΔΗΜΟΣ ΣΚΙΑΘΟΥ,,,,,,,,,,,,,,,,,,,,
2019-02-23,ΔΗΜΟΣ ΣΚΙΑΘΟΥ,,,,,,,,,,,,,,,,,,,,
2019-02-24,ΔΗΜΟΣ ΣΚΙΑΘΟΥ,,,,,,,,,,,,,,,,,,,,
2019-02-25,ΔΗΜΟΣ ΣΚΙΑΘΟΥ,,,,,,,,,,,,,,,,,,,,
2019-02-26,ΔΗΜΟΣ ΣΚΙΑΘΟΥ,,,,,,,,,,,,,,,,,,,,
2019-02-27,ΔΗΜΟΣ ΣΚΙΑΘΟΥ,,,,,,,,,,,,,,,,,,,,
2019-02-28,ΔΗΜΟΣ ΣΚΙΑΘΟΥ,,,,,,,,,,,,,,,,,,,,
2019-03-01,ΔΗΜΟΣ ΣΚΙΑΘΟΥ,,,,,,,,,,,,,,,,,,,,
2019-03-02,ΔΗΜΟΣ ΣΚΙΑΘΟΥ,,,,,,,,,,,,,,,,,,,,
2019-03-03,ΔΗΜΟΣ ΣΚΙΑΘΟΥ,,,,,,,,,,,,,,,,,,,,
2019-03-04,ΔΗΜΟΣ ΣΚΙΑΘΟΥ,,,,,,,,,,,,,,,,,,,,
2019-03-05,ΔΗΜΟΣ ΣΚΙΑΘΟΥ,,,,,,,,,,,,,,,,,,,,
2019-03-06,ΔΗΜΟΣ ΣΚΙΑΘΟΥ,,,,,,,,,,,,,,,,,,,,
2019-03-07,ΔΗΜΟΣ ΣΚΙΑΘΟΥ,,,,,,,,,,,,,,,,,,,,
2019-03-08,ΔΗΜΟΣ ΣΚΙΑΘΟΥ,,,,,,,,,,,,,,,,,,,,
2019-03-09,ΔΗΜΟΣ ΣΚΙΑΘΟΥ,,,,,,,,,,,,,,,,,,,,
2019-03-10,ΔΗΜΟΣ ΣΚΙΑΘΟΥ,,,,,,,,,,,,,,,,,,,,
2019-03-11,ΔΗΜΟΣ ΣΚΙΑΘΟΥ,,,,,,,,,,,,,,,,,,,,
2019-03-12,ΔΗΜΟΣ ΣΚΙΑΘΟΥ,,,,,,,,,,,,,,,,,,,,
2019-03-13,ΔΗΜΟΣ ΣΚΙΑΘΟΥ,,,,,,,,,,,,,,,,,,,,
2019-03-14,ΔΗΜΟΣ ΣΚΙΑΘΟΥ,,,,,,,,,,,,,,,,,,,,
2019-03-15,ΔΗΜΟΣ ΣΚΙΑΘΟΥ,,,,,,,,,,,,,,,,,,,,
2019-03-16,ΔΗΜΟΣ ΣΚΙΑΘΟΥ,,,,,,,,,,,,,,,,,,,,
2019-03-17,ΔΗΜΟΣ ΣΚΙΑΘΟΥ,,,,,,,,,,,,,,,,,,,,
2019-03-18,ΔΗΜΟΣ ΣΚΙΑΘΟΥ,,,,,,,,,,,,,,,,,,,,
2019-03-19,ΔΗΜΟΣ ΣΚΙΑΘΟΥ,,,,,,,,,,,,,,,,,,,,
2019-03-20,ΔΗΜΟΣ ΣΚΙΑΘΟΥ,,,,,,,,,,,,,,,,,,,,
2019-03-21,ΔΗΜΟΣ ΣΚΙΑΘΟΥ,,,,,,,,,,,,,,,,,,,,
2019-03-22,ΔΗΜΟΣ ΣΚΙΑΘΟΥ,,,,,,,,,,,,,,,,,,,,
2019-03-23,ΔΗΜΟΣ ΣΚΙΑΘΟΥ,,,,,,,,,,,,,,,,,,,,
2019-03-24,ΔΗΜΟΣ ΣΚΙΑΘΟΥ,,,,,,,,,,,,,,,,,,,,
2019-03-25,ΔΗΜΟΣ ΣΚΙΑΘΟΥ,,,,,,,,,,,,,,,,,,,,
2019-03-26,ΔΗΜΟΣ ΣΚΙΑΘΟΥ,,,,,,,,,,,,,,,,,,,,
2019-03-27,ΔΗΜΟΣ ΣΚΙΑΘΟΥ,,,,,,,,,,,,,,,,,,,,
2019-03-28,ΔΗΜΟΣ ΣΚΙΑΘΟΥ,,,,,,,,,,,,,,,,,,,,
2019-03-29,ΔΗΜΟΣ ΣΚΙΑΘΟΥ,,,,,,,,,,,,,,,,,,,,
2019-03-30,ΔΗΜΟΣ ΣΚΙΑΘΟΥ,,,,,,,,,,,,,,,,,,,,
2019-03-31,ΔΗΜΟΣ ΣΚΙΑΘΟΥ,,,,,,,,,,,,,,,,,,,,
2019-04-01,ΔΗΜΟΣ ΣΚΙΑΘΟΥ,,,,,,,,,,,,,,,,,,,,
2019-04-02,ΔΗΜΟΣ ΣΚΙΑΘΟΥ,,,,,,,,,,,,,,,,,,,,
2019-04-03,ΔΗΜΟΣ ΣΚΙΑΘΟΥ,,,,,,,,,,,,,,,,,,,,
2019-04-04,ΔΗΜΟΣ ΣΚΙΑΘΟΥ,,,,,,,,,,,,,,,,,,,,
2019-04-05,ΔΗΜΟΣ ΣΚΙΑΘΟΥ,,,,,,,,,,,,,,,,,,,,
2019-04-06,ΔΗΜΟΣ ΣΚΙΑΘΟΥ,,,,,,,,,,,,,,,,,,,,
2019-04-07,ΔΗΜΟΣ ΣΚΙΑΘΟΥ,,,,,,,,,,,,,,,,,,,,
2019-04-08,ΔΗΜΟΣ ΣΚΙΑΘΟΥ,,,,,,,,,,,,,,,,,,,,
2019-04-09,ΔΗΜΟΣ ΣΚΙΑΘΟΥ,,,,,,,,,,,,,,,,,,,,
2019-04-10,ΔΗΜΟΣ ΣΚΙΑΘΟΥ,,,,,,,,,,,,,,,,,,,,
2019-04-11,ΔΗΜΟΣ ΣΚΙΑΘΟΥ,,,,,,,,,,,,,,,,,,,,
2019-04-12,ΔΗΜΟΣ ΣΚΙΑΘΟΥ,,,,,,,,,,,,,,,,,,,,
2019-04-13,ΔΗΜΟΣ ΣΚΙΑΘΟΥ,,,,,,,,,,,,,,,,,,,,
2019-04-14,ΔΗΜΟΣ ΣΚΙΑΘΟΥ,,,,,,,,,,,,,,,,,,,,
2019-04-15,ΔΗΜΟΣ ΣΚΙΑΘΟΥ,,,,,,,,,,,,,,,,,,,,
2019-04-16,ΔΗΜΟΣ ΣΚΙΑΘΟΥ,,,,,,,,,,,,,,,,,,,,
2019-04-17,ΔΗΜΟΣ ΣΚΙΑΘΟΥ,,,,,,,,,,,,,,,,,,,,
2019-04-18,ΔΗΜΟΣ ΣΚΙΑΘΟΥ,,,,,,,,,,,,,,,,,,,,
2019-04-19,ΔΗΜΟΣ ΣΚΙΑΘΟΥ,,,,,,,,,,,,,,,,,,,,
2019-04-20,ΔΗΜΟΣ ΣΚΙΑΘΟΥ,,,,,,,,,,,,,,,,,,,,
2019-04-21,ΔΗΜΟΣ ΣΚΙΑΘΟΥ,,,,,,,,,,,,,,,,,,,,
2019-04-22,ΔΗΜΟΣ ΣΚΙΑΘΟΥ,,,,,,,,,,,,,,,,,,,,
2019-04-23,ΔΗΜΟΣ ΣΚΙΑΘΟΥ,,,,,,,,,,,,,,,,,,,,
2019-04-24,ΔΗΜΟΣ ΣΚΙΑΘΟΥ,,,,,,,,,,,,,,,,,,,,
2019-04-25,ΔΗΜΟΣ ΣΚΙΑΘΟΥ,,,,,,,,,,,,,,,,,,,,
2019-04-26,ΔΗΜΟΣ ΣΚΙΑΘΟΥ,,,,,,,,,,,,,,,,,,,,
2019-04-27,ΔΗΜΟΣ ΣΚΙΑΘΟΥ,,,,,,,,,,,,,,,,,,,,
2019-04-28,ΔΗΜΟΣ ΣΚΙΑΘΟΥ,,,,,,,,,,,,,,,,,,,,
2019-04-29,ΔΗΜΟΣ ΣΚΙΑΘΟΥ,,,,,,,,,,,,,,,,,,,,
2019-04-30,ΔΗΜΟΣ ΣΚΙΑΘΟΥ,,,,,,,,,,,,,,,,,,,,
2019-05-01,ΔΗΜΟΣ ΣΚΙΑΘΟΥ,,,,,,,,,,,,,,,,,,,,
2019-05-02,ΔΗΜΟΣ ΣΚΙΑΘΟΥ,,,,,,,,,,,,,,,,,,,,
2019-05-03,ΔΗΜΟΣ ΣΚΙΑΘΟΥ,,,,,,,,,,,,,,,,,,,,
2019-05-04,ΔΗΜΟΣ ΣΚΙΑΘΟΥ,,,,,,,,,,,,,,,,,,,,
2019-05-05,ΔΗΜΟΣ ΣΚΙΑΘΟΥ,,,,,,,,,,,,,,,,,,,,
2019-05-06,ΔΗΜΟΣ ΣΚΙΑΘΟΥ,,,,,,,,,,,,,,,,,,,,
2019-05-07,ΔΗΜΟΣ ΣΚΙΑΘΟΥ,,,,,,,,,,,,,,,,,,,,
2019-05-08,ΔΗΜΟΣ ΣΚΙΑΘΟΥ,,,,,,,,,,,,,,,,,,,,
2019-05-09,ΔΗΜΟΣ ΣΚΙΑΘΟΥ,,,,,,,,,,,,,,,,,,,,
2019-05-10,ΔΗΜΟΣ ΣΚΙΑΘΟΥ,,,,,,,,,,,,,,,,,,,,
2019-05-11,ΔΗΜΟΣ ΣΚΙΑΘΟΥ,,,,,,,,,,,,,,,,,,,,
2019-05-12,ΔΗΜΟΣ ΣΚΙΑΘΟΥ,,,,,,,,,,,,,,,,,,,,
2019-05-13,ΔΗΜΟΣ ΣΚΙΑΘΟΥ,,,,,,,,,,,,,,,,,,,,
2019-05-14,ΔΗΜΟΣ ΣΚΙΑΘΟΥ,,,,,,,,,,,,,,,,,,,,
2019-05-15,ΔΗΜΟΣ ΣΚΙΑΘΟΥ,,,,,,,,,,,,,,,,,,,,
2019-05-16,ΔΗΜΟΣ ΣΚΙΑΘΟΥ,,,,,,,,,,,,,,,,,,,,
2019-05-17,ΔΗΜΟΣ ΣΚΙΑΘΟΥ,,,,,,,,,,,,,,,,,,,,
2019-05-18,ΔΗΜΟΣ ΣΚΙΑΘΟΥ,,,,,,,,,,,,,,,,,,,,
2019-05-19,ΔΗΜΟΣ ΣΚΙΑΘΟΥ,,,,,,,,,,,,,,,,,,,,
2019-05-20,ΔΗΜΟΣ ΣΚΙΑΘΟΥ,,,,,,,,,,,,,,,,,,,,
2019-05-21,ΔΗΜΟΣ ΣΚΙΑΘΟΥ,,,,,,,,,,,,,,,,,,,,
2019-05-22,ΔΗΜΟΣ ΣΚΙΑΘΟΥ,,,,,,,,,,,,,,,,,,,,
2019-05-23,ΔΗΜΟΣ ΣΚΙΑΘΟΥ,,,,,,,,,,,,,,,,,,,,
2019-05-24,ΔΗΜΟΣ ΣΚΙΑΘΟΥ,,,,,,,,,,,,,,,,,,,,
2019-05-25,ΔΗΜΟΣ ΣΚΙΑΘΟΥ,,,,,,,,,,,,,,,,,,,,
2019-05-26,ΔΗΜΟΣ ΣΚΙΑΘΟΥ,,,,,,,,,,,,,,,,,,,,
2019-05-27,ΔΗΜΟΣ ΣΚΙΑΘΟΥ,,,,,,,,,,,,,,,,,,,,
2019-05-28,ΔΗΜΟΣ ΣΚΙΑΘΟΥ,,,,,,,,,,,,,,,,,,,,
2019-05-29,ΔΗΜΟΣ ΣΚΙΑΘΟΥ,,,,,,,,,,,,,,,,,,,,
2019-05-30,ΔΗΜΟΣ ΣΚΙΑΘΟΥ,,,,,,,,,,,,,,,,,,,,
2019-05-31,ΔΗΜΟΣ ΣΚΙΑΘΟΥ,,,,,,,,,,,,,,,,,,,,
2019-06-01,ΔΗΜΟΣ ΣΚΙΑΘΟΥ,,,,,,,,,,,,,,,,,,,,
2019-06-02,ΔΗΜΟΣ ΣΚΙΑΘΟΥ,,,,,,,,,,,,,,,,,,,,
2019-06-03,ΔΗΜΟΣ ΣΚΙΑΘΟΥ,,,,,,,,,,,,,,,,,,,,
2019-06-04,ΔΗΜΟΣ ΣΚΙΑΘΟΥ,,,,,,,,,,,,,,,,,,,,
2019-06-05,ΔΗΜΟΣ ΣΚΙΑΘΟΥ,,,,,,,,,,,,,,,,,,,,
2019-06-06,ΔΗΜΟΣ ΣΚΙΑΘΟΥ,,,,,,,,,,,,,,,,,,,,
2019-06-07,ΔΗΜΟΣ ΣΚΙΑΘΟΥ,,,,,,,,,,,,,,,,,,,,
2019-06-08,ΔΗΜΟΣ ΣΚΙΑΘΟΥ,,,,,,,,,,,,,,,,,,,,
2019-06-09,ΔΗΜΟΣ ΣΚΙΑΘΟΥ,,,,,,,,,,,,,,,,,,,,
2019-06-10,ΔΗΜΟΣ ΣΚΙΑΘΟΥ,,,,,,,,,,,,,,,,,,,,
2019-06-11,ΔΗΜΟΣ ΣΚΙΑΘΟΥ,,,,,,,,,,,,,,,,,,,,
2019-06-12,ΔΗΜΟΣ ΣΚΙΑΘΟΥ,,,,,,,,,,,,,,,,,,,,
2019-06-13,ΔΗΜΟΣ ΣΚΙΑΘΟΥ,,,,,,,,,,,,,,,,,,,,
2019-06-14,ΔΗΜΟΣ ΣΚΙΑΘΟΥ,,,,,,,,,,,,,,,,,,,,
2019-06-15,ΔΗΜΟΣ ΣΚΙΑΘΟΥ,,,,,,,,,,,,,,,,,,,,
2019-06-16,ΔΗΜΟΣ ΣΚΙΑΘΟΥ,,,,,,,,,,,,,,,,,,,,
2019-06-17,ΔΗΜΟΣ ΣΚΙΑΘΟΥ,,,,,,,,,,,,,,,,,,,,
2019-06-18,ΔΗΜΟΣ ΣΚΙΑΘΟΥ,,,,,,,,,,,,,,,,,,,,
2019-06-19,ΔΗΜΟΣ ΣΚΙΑΘΟΥ,,,,,,,,,,,,,,,,,,,,
2019-06-20,ΔΗΜΟΣ ΣΚΙΑΘΟΥ,,,,,,,,,,,,,,,,,,,,
2019-06-21,ΔΗΜΟΣ ΣΚΙΑΘΟΥ,,,,,,,,,,,,,,,,,,,,
2019-06-22,ΔΗΜΟΣ ΣΚΙΑΘΟΥ,,,,,,,,,,,,,,,,,,,,
2019-06-23,ΔΗΜΟΣ ΣΚΙΑΘΟΥ,,,,,,,,,,,,,,,,,,,,
2019-06-24,ΔΗΜΟΣ ΣΚΙΑΘΟΥ,,,,,,,,,,,,,,,,,,,,
2019-06-25,ΔΗΜΟΣ ΣΚΙΑΘΟΥ,,,,,,,,,,,,,,,,,,,,
2019-06-26,ΔΗΜΟΣ ΣΚΙΑΘΟΥ,,,,,,,,,,,,,,,,,,,,
2019-06-27,ΔΗΜΟΣ ΣΚΙΑΘΟΥ,,,,,,,,,,,,,,,,,,,,
2019-06-28,ΔΗΜΟΣ ΣΚΙΑΘΟΥ,,,,,,,,,,,,,,,,,,,,
2019-06-29,ΔΗΜΟΣ ΣΚΙΑΘΟΥ,,,,,,,,,,,,,,,,,,,,
2019-06-30,ΔΗΜΟΣ ΣΚΙΑΘΟΥ,,,,,,,,,,,,,,,,,,,,
2019-07-01,ΔΗΜΟΣ ΣΚΙΑΘΟΥ,,,,,,,,,,,,,,,,,,,,
2019-07-02,ΔΗΜΟΣ ΣΚΙΑΘΟΥ,,,,,,,,,,,,,,,,,,,,
2019-07-03,ΔΗΜΟΣ ΣΚΙΑΘΟΥ,,,,,,,,,,,,,,,,,,,,
2019-07-04,ΔΗΜΟΣ ΣΚΙΑΘΟΥ,,,,,,,,,,,,,,,,,,,,
2019-07-05,ΔΗΜΟΣ ΣΚΙΑΘΟΥ,,,,,,,,,,,,,,,,,,,,
2019-07-06,ΔΗΜΟΣ ΣΚΙΑΘΟΥ,,,,,,,,,,,,,,,,,,,,
2019-07-07,ΔΗΜΟΣ ΣΚΙΑΘΟΥ,,,,,,,,,,,,,,,,,,,,
2019-07-08,ΔΗΜΟΣ ΣΚΙΑΘΟΥ,,,,,,,,,,,,,,,,,,,,
2019-07-09,ΔΗΜΟΣ ΣΚΙΑΘΟΥ,,,,,,,,,,,,,,,,,,,,
2019-07-10,ΔΗΜΟΣ ΣΚΙΑΘΟΥ,,,,,,,,,,,,,,,,,,,,
2019-07-11,ΔΗΜΟΣ ΣΚΙΑΘΟΥ,,,,,,,,,,,,,,,,,,,,
2019-07-12,ΔΗΜΟΣ ΣΚΙΑΘΟΥ,,,,,,,,,,,,,,,,,,,,
2019-07-13,ΔΗΜΟΣ ΣΚΙΑΘΟΥ,,,,,,,,,,,,,,,,,,,,
2019-07-14,ΔΗΜΟΣ ΣΚΙΑΘΟΥ,,,,,,,,,,,,,,,,,,,,
2019-07-15,ΔΗΜΟΣ ΣΚΙΑΘΟΥ,,,,,,,,,,,,,,,,,,,,
2019-07-16,ΔΗΜΟΣ ΣΚΙΑΘΟΥ,,,,,,,,,,,,,,,,,,,,
2019-07-17,ΔΗΜΟΣ ΣΚΙΑΘΟΥ,,,,,,,,,,,,,,,,,,,,
2019-07-18,ΔΗΜΟΣ ΣΚΙΑΘΟΥ,,,,,,,,,,,,,,,,,,,,
2019-07-19,ΔΗΜΟΣ ΣΚΙΑΘΟΥ,,,,,,,,,,,,,,,,,,,,
2019-07-20,ΔΗΜΟΣ ΣΚΙΑΘΟΥ,,,,,,,,,,,,,,,,,,,,
2019-07-21,ΔΗΜΟΣ ΣΚΙΑΘΟΥ,,,,,,,,,,,,,,,,,,,,
2019-07-22,ΔΗΜΟΣ ΣΚΙΑΘΟΥ,,,,,,,,,,,,,,,,,,,,
2019-07-23,ΔΗΜΟΣ ΣΚΙΑΘΟΥ,,,,,,,,,,,,,,,,,,,,
2019-07-24,ΔΗΜΟΣ ΣΚΙΑΘΟΥ,,,,,,,,,,,,,,,,,,,,
2019-07-25,ΔΗΜΟΣ ΣΚΙΑΘΟΥ,,,,,,,,,,,,,,,,,,,,
2019-07-26,ΔΗΜΟΣ ΣΚΙΑΘΟΥ,,,,,,,,,,,,,,,,,,,,
2019-07-27,ΔΗΜΟΣ ΣΚΙΑΘΟΥ,,,,,,,,,,,,,,,,,,,,
2019-07-28,ΔΗΜΟΣ ΣΚΙΑΘΟΥ,,,,,,,,,,,,,,,,,,,,
2019-07-29,ΔΗΜΟΣ ΣΚΙΑΘΟΥ,,,,,,,,,,,,,,,,,,,,
2019-07-30,ΔΗΜΟΣ ΣΚΙΑΘΟΥ,,,,,,,,,,,,,,,,,,,,
2019-07-31,ΔΗΜΟΣ ΣΚΙΑΘΟΥ,,,,,,,,,,,,,,,,,,,,
2019-08-01,ΔΗΜΟΣ ΣΚΙΑΘΟΥ,,,,,,,,,,,,,,,,,,,,
2019-08-02,ΔΗΜΟΣ ΣΚΙΑΘΟΥ,,,,,,,,,,,,,,,,,,,,
2019-08-03,ΔΗΜΟΣ ΣΚΙΑΘΟΥ,,,,,,,,,,,,,,,,,,,,
2019-08-04,ΔΗΜΟΣ ΣΚΙΑΘΟΥ,,,,,,,,,,,,,,,,,,,,
2019-08-05,ΔΗΜΟΣ ΣΚΙΑΘΟΥ,,,,,,,,,,,,,,,,,,,,
2019-08-06,ΔΗΜΟΣ ΣΚΙΑΘΟΥ,,,,,,,,,,,,,,,,,,,,
2019-08-07,ΔΗΜΟΣ ΣΚΙΑΘΟΥ,,,,,,,,,,,,,,,,,,,,
2019-08-08,ΔΗΜΟΣ ΣΚΙΑΘΟΥ,,,,,,,,,,,,,,,,,,,,
2019-08-09,ΔΗΜΟΣ ΣΚΙΑΘΟΥ,,,,,,,,,,,,,,,,,,,,
2019-08-10,ΔΗΜΟΣ ΣΚΙΑΘΟΥ,,,,,,,,,,,,,,,,,,,,
2019-08-11,ΔΗΜΟΣ ΣΚΙΑΘΟΥ,,,,,,,,,,,,,,,,,,,,
2019-08-12,ΔΗΜΟΣ ΣΚΙΑΘΟΥ,,,,,,,,,,,,,,,,,,,,
2019-08-13,ΔΗΜΟΣ ΣΚΙΑΘΟΥ,,,,,,,,,,,,,,,,,,,,
2019-08-14,ΔΗΜΟΣ ΣΚΙΑΘΟΥ,,,,,,,,,,,,,,,,,,,,
2019-08-15,ΔΗΜΟΣ ΣΚΙΑΘΟΥ,,,,,,,,,,,,,,,,,,,,
2019-08-16,ΔΗΜΟΣ ΣΚΙΑΘΟΥ,,,,,,,,,,,,,,,,,,,,
2019-08-17,ΔΗΜΟΣ ΣΚΙΑΘΟΥ,,,,,,,,,,,,,,,,,,,,
2019-08-18,ΔΗΜΟΣ ΣΚΙΑΘΟΥ,,,,,,,,,,,,,,,,,,,,
2019-08-19,ΔΗΜΟΣ ΣΚΙΑΘΟΥ,,,,,,,,,,,,,,,,,,,,
2019-08-20,ΔΗΜΟΣ ΣΚΙΑΘΟΥ,,,,,,,,,,,,,,,,,,,,
2019-08-21,ΔΗΜΟΣ ΣΚΙΑΘΟΥ,,,,,,,,,,,,,,,,,,,,
2019-08-22,ΔΗΜΟΣ ΣΚΙΑΘΟΥ,,,,,,,,,,,,,,,,,,,,
2019-08-23,ΔΗΜΟΣ ΣΚΙΑΘΟΥ,,,,,,,,,,,,,,,,,,,,
2019-08-24,ΔΗΜΟΣ ΣΚΙΑΘΟΥ,,,,,,,,,,,,,,,,,,,,
2019-08-25,ΔΗΜΟΣ ΣΚΙΑΘΟΥ,,,,,,,,,,,,,,,,,,,,
2019-08-26,ΔΗΜΟΣ ΣΚΙΑΘΟΥ,,,,,,,,,,,,,,,,,,,,
2019-08-27,ΔΗΜΟΣ ΣΚΙΑΘΟΥ,,,,,,,,,,,,,,,,,,,,
2019-08-28,ΔΗΜΟΣ ΣΚΙΑΘΟΥ,,,,,,,,,,,,,,,,,,,,
2019-08-29,ΔΗΜΟΣ ΣΚΙΑΘΟΥ,,,,,,,,,,,,,,,,,,,,
2019-08-30,ΔΗΜΟΣ ΣΚΙΑΘΟΥ,,,,,,,,,,,,,,,,,,,,
2019-08-31,ΔΗΜΟΣ ΣΚΙΑΘΟΥ,,,,,,,,,,,,,,,,,,,,
2019-09-01,ΔΗΜΟΣ ΣΚΙΑΘΟΥ,,,,,,,,,,,,,,,,,,,,
2019-09-02,ΔΗΜΟΣ ΣΚΙΑΘΟΥ,,,,,,,,,,,,,,,,,,,,
2019-09-03,ΔΗΜΟΣ ΣΚΙΑΘΟΥ,,,,,,,,,,,,,,,,,,,,
2019-09-04,ΔΗΜΟΣ ΣΚΙΑΘΟΥ,,,,,,,,,,,,,,,,,,,,
2019-09-05,ΔΗΜΟΣ ΣΚΙΑΘΟΥ,,,,,,,,,,,,,,,,,,,,
2019-09-06,ΔΗΜΟΣ ΣΚΙΑΘΟΥ,,,,,,,,,,,,,,,,,,,,
2019-09-07,ΔΗΜΟΣ ΣΚΙΑΘΟΥ,,,,,,,,,,,,,,,,,,,,
2019-09-08,ΔΗΜΟΣ ΣΚΙΑΘΟΥ,,,,,,,,,,,,,,,,,,,,
2019-09-09,ΔΗΜΟΣ ΣΚΙΑΘΟΥ,,,,,,,,,,,,,,,,,,,,
2019-09-10,ΔΗΜΟΣ ΣΚΙΑΘΟΥ,,,,,,,,,,,,,,,,,,,,
2019-09-11,ΔΗΜΟΣ ΣΚΙΑΘΟΥ,,,,,,,,,,,,,,,,,,,,
2019-09-12,ΔΗΜΟΣ ΣΚΙΑΘΟΥ,,,,,,,,,,,,,,,,,,,,
2019-09-13,ΔΗΜΟΣ ΣΚΙΑΘΟΥ,,,,,,,,,,,,,,,,,,,,
2019-09-14,ΔΗΜΟΣ ΣΚΙΑΘΟΥ,,,,,,,,,,,,,,,,,,,,
2019-09-15,ΔΗΜΟΣ ΣΚΙΑΘΟΥ,,,,,,,,,,,,,,,,,,,,
2019-09-16,ΔΗΜΟΣ ΣΚΙΑΘΟΥ,,,,,,,,,,,,,,,,,,,,
2019-09-17,ΔΗΜΟΣ ΣΚΙΑΘΟΥ,,,,,,,,,,,,,,,,,,,,
2019-09-18,ΔΗΜΟΣ ΣΚΙΑΘΟΥ,,,,,,,,,,,,,,,,,,,,
2019-09-19,ΔΗΜΟΣ ΣΚΙΑΘΟΥ,,,,,,,,,,,,,,,,,,,,
2019-09-20,ΔΗΜΟΣ ΣΚΙΑΘΟΥ,,,,,,,,,,,,,,,,,,,,
2019-09-21,ΔΗΜΟΣ ΣΚΙΑΘΟΥ,,,,,,,,,,,,,,,,,,,,
2019-09-22,ΔΗΜΟΣ ΣΚΙΑΘΟΥ,,,,,,,,,,,,,,,,,,,,
2019-09-23,ΔΗΜΟΣ ΣΚΙΑΘΟΥ,,,,,,,,,,,,,,,,,,,,
2019-09-24,ΔΗΜΟΣ ΣΚΙΑΘΟΥ,,,,,,,,,,,,,,,,,,,,
2019-09-25,ΔΗΜΟΣ ΣΚΙΑΘΟΥ,,,,,,,,,,,,,,,,,,,,
2019-09-26,ΔΗΜΟΣ ΣΚΙΑΘΟΥ,,,,,,,,,,,,,,,,,,,,
2019-09-27,ΔΗΜΟΣ ΣΚΙΑΘΟΥ,,,,,,,,,,,,,,,,,,,,
2019-09-28,ΔΗΜΟΣ ΣΚΙΑΘΟΥ,,,,,,,,,,,,,,,,,,,,
2019-09-29,ΔΗΜΟΣ ΣΚΙΑΘΟΥ,,,,,,,,,,,,,,,,,,,,
2019-09-30,ΔΗΜΟΣ ΣΚΙΑΘΟΥ,,,,,,,,,,,,,,,,,,,,
2019-10-01,ΔΗΜΟΣ ΣΚΙΑΘΟΥ,,,,,,,,,,,,,,,,,,,,
2019-10-02,ΔΗΜΟΣ ΣΚΙΑΘΟΥ,,,,,,,,,,,,,,,,,,,,
2019-10-03,ΔΗΜΟΣ ΣΚΙΑΘΟΥ,,,,,,,,,,,,,,,,,,,,
2019-10-04,ΔΗΜΟΣ ΣΚΙΑΘΟΥ,,,,,,,,,,,,,,,,,,,,
2019-10-05,ΔΗΜΟΣ ΣΚΙΑΘΟΥ,,,,,,,,,,,,,,,,,,,,
2019-10-06,ΔΗΜΟΣ ΣΚΙΑΘΟΥ,,,,,,,,,,,,,,,,,,,,
2019-10-07,ΔΗΜΟΣ ΣΚΙΑΘΟΥ,,,,,,,,,,,,,,,,,,,,
2019-10-08,ΔΗΜΟΣ ΣΚΙΑΘΟΥ,,,,,,,,,,,,,,,,,,,,
2019-10-09,ΔΗΜΟΣ ΣΚΙΑΘΟΥ,,,,,,,,,,,,,,,,,,,,
2019-10-10,ΔΗΜΟΣ ΣΚΙΑΘΟΥ,,,,,,,,,,,,,,,,,,,,
2019-10-11,ΔΗΜΟΣ ΣΚΙΑΘΟΥ,,,,,,,,,,,,,,,,,,,,
2019-10-12,ΔΗΜΟΣ ΣΚΙΑΘΟΥ,,,,,,,,,,,,,,,,,,,,
2019-10-13,ΔΗΜΟΣ ΣΚΙΑΘΟΥ,,,,,,,,,,,,,,,,,,,,
2019-10-14,ΔΗΜΟΣ ΣΚΙΑΘΟΥ,,,,,,,,,,,,,,,,,,,,
2019-10-15,ΔΗΜΟΣ ΣΚΙΑΘΟΥ,,,,,,,,,,,,,,,,,,,,
2019-10-16,ΔΗΜΟΣ ΣΚΙΑΘΟΥ,,,,,,,,,,,,,,,,,,,,
2019-10-17,ΔΗΜΟΣ ΣΚΙΑΘΟΥ,,,,,,,,,,,,,,,,,,,,
2019-10-18,ΔΗΜΟΣ ΣΚΙΑΘΟΥ,,,,,,,,,,,,,,,,,,,,
2019-10-19,ΔΗΜΟΣ ΣΚΙΑΘΟΥ,,,,,,,,,,,,,,,,,,,,
2019-10-20,ΔΗΜΟΣ ΣΚΙΑΘΟΥ,,,,,,,,,,,,,,,,,,,,
2019-10-21,ΔΗΜΟΣ ΣΚΙΑΘΟΥ,,,,,,,,,,,,,,,,,,,,
2019-10-22,ΔΗΜΟΣ ΣΚΙΑΘΟΥ,,,,,,,,,,,,,,,,,,,,
2019-10-23,ΔΗΜΟΣ ΣΚΙΑΘΟΥ,,,,,,,,,,,,,,,,,,,,
2019-10-24,ΔΗΜΟΣ ΣΚΙΑΘΟΥ,,,,,,,,,,,,,,,,,,,,
2019-10-25,ΔΗΜΟΣ ΣΚΙΑΘΟΥ,,,,,,,,,,,,,,,,,,,,
2019-10-26,ΔΗΜΟΣ ΣΚΙΑΘΟΥ,,,,,,,,,,,,,,,,,,,,
2019-10-27,ΔΗΜΟΣ ΣΚΙΑΘΟΥ,,,,,,,,,,,,,,,,,,,,
2019-10-28,ΔΗΜΟΣ ΣΚΙΑΘΟΥ,,,,,,,,,,,,,,,,,,,,
2019-10-29,ΔΗΜΟΣ ΣΚΙΑΘΟΥ,,,,,,,,,,,,,,,,,,,,
2019-10-30,ΔΗΜΟΣ ΣΚΙΑΘΟΥ,,,,,,,,,,,,,,,,,,,,
2019-10-31,ΔΗΜΟΣ ΣΚΙΑΘΟΥ,,,,,,,,,,,,,,,,,,,,
2019-11-01,ΔΗΜΟΣ ΣΚΙΑΘΟΥ,,,,,,,,,,,,,,,,,,,,
2019-11-02,ΔΗΜΟΣ ΣΚΙΑΘΟΥ,,,,,,,,,,,,,,,,,,,,
2019-11-03,ΔΗΜΟΣ ΣΚΙΑΘΟΥ,,,,,,,,,,,,,,,,,,,,
2019-11-04,ΔΗΜΟΣ ΣΚΙΑΘΟΥ,,,,,,,,,,,,,,,,,,,,
2019-11-05,ΔΗΜΟΣ ΣΚΙΑΘΟΥ,,,,,,,,,,,,,,,,,,,,
2019-11-06,ΔΗΜΟΣ ΣΚΙΑΘΟΥ,,,,,,,,,,,,,,,,,,,,
2019-11-07,ΔΗΜΟΣ ΣΚΙΑΘΟΥ,,,,,,,,,,,,,,,,,,,,
2019-11-08,ΔΗΜΟΣ ΣΚΙΑΘΟΥ,,,,,,,,,,,,,,,,,,,,
2019-11-09,ΔΗΜΟΣ ΣΚΙΑΘΟΥ,,,,,,,,,,,,,,,,,,,,
2019-11-10,ΔΗΜΟΣ ΣΚΙΑΘΟΥ,,,,,,,,,,,,,,,,,,,,
2019-11-11,ΔΗΜΟΣ ΣΚΙΑΘΟΥ,,,,,,,,,,,,,,,,,,,,
2019-11-12,ΔΗΜΟΣ ΣΚΙΑΘΟΥ,,,,,,,,,,,,,,,,,,,,
2019-11-13,ΔΗΜΟΣ ΣΚΙΑΘΟΥ,,,,,,,,,,,,,,,,,,,,
2019-11-14,ΔΗΜΟΣ ΣΚΙΑΘΟΥ,,,,,,,,,,,,,,,,,,,,
2019-11-15,ΔΗΜΟΣ ΣΚΙΑΘΟΥ,,,,,,,,,,,,,,,,,,,,
2019-11-16,ΔΗΜΟΣ ΣΚΙΑΘΟΥ,,,,,,,,,,,,,,,,,,,,
2019-11-17,ΔΗΜΟΣ ΣΚΙΑΘΟΥ,,,,,,,,,,,,,,,,,,,,
2019-11-18,ΔΗΜΟΣ ΣΚΙΑΘΟΥ,,,,,,,,,,,,,,,,,,,,
2019-11-19,ΔΗΜΟΣ ΣΚΙΑΘΟΥ,,,,,,,,,,,,,,,,,,,,
2019-11-20,ΔΗΜΟΣ ΣΚΙΑΘΟΥ,,,,,,,,,,,,,,,,,,,,
2019-11-21,ΔΗΜΟΣ ΣΚΙΑΘΟΥ,,,,,,,,,,,,,,,,,,,,
2019-11-22,ΔΗΜΟΣ ΣΚΙΑΘΟΥ,,,,,,,,,,,,,,,,,,,,
2019-11-23,ΔΗΜΟΣ ΣΚΙΑΘΟΥ,,,,,,,,,,,,,,,,,,,,
2019-11-24,ΔΗΜΟΣ ΣΚΙΑΘΟΥ,,,,,,,,,,,,,,,,,,,,
2019-11-25,ΔΗΜΟΣ ΣΚΙΑΘΟΥ,,,,,,,,,,,,,,,,,,,,
2019-11-26,ΔΗΜΟΣ ΣΚΙΑΘΟΥ,,,,,,,,,,,,,,,,,,,,
2019-11-27,ΔΗΜΟΣ ΣΚΙΑΘΟΥ,,,,,,,,,,,,,,,,,,,,
2019-11-28,ΔΗΜΟΣ ΣΚΙΑΘΟΥ,,,,,,,,,,,,,,,,,,,,
2019-11-29,ΔΗΜΟΣ ΣΚΙΑΘΟΥ,,,,,,,,,,,,,,,,,,,,
2019-11-30,ΔΗΜΟΣ ΣΚΙΑΘΟΥ,,,,,,,,,,,,,,,,,,,,
2019-12-01,ΔΗΜΟΣ ΣΚΙΑΘΟΥ,,,,,,,,,,,,,,,,,,,,
2019-12-02,ΔΗΜΟΣ ΣΚΙΑΘΟΥ,,,,,,,,,,,,,,,,,,,,
2019-12-03,ΔΗΜΟΣ ΣΚΙΑΘΟΥ,,,,,,,,,,,,,,,,,,,,
2019-12-04,ΔΗΜΟΣ ΣΚΙΑΘΟΥ,,,,,,,,,,,,,,,,,,,,
2019-12-05,ΔΗΜΟΣ ΣΚΙΑΘΟΥ,,,,,,,,,,,,,,,,,,,,
2019-12-06,ΔΗΜΟΣ ΣΚΙΑΘΟΥ,,,,,,,,,,,,,,,,,,,,
2019-12-07,ΔΗΜΟΣ ΣΚΙΑΘΟΥ,,,,,,,,,,,,,,,,,,,,
2019-12-08,ΔΗΜΟΣ ΣΚΙΑΘΟΥ,,,,,,,,,,,,,,,,,,,,
2019-12-09,ΔΗΜΟΣ ΣΚΙΑΘΟΥ,,,,,,,,,,,,,,,,,,,,
2019-12-10,ΔΗΜΟΣ ΣΚΙΑΘΟΥ,,,,,,,,,,,,,,,,,,,,
2019-12-11,ΔΗΜΟΣ ΣΚΙΑΘΟΥ,,,,,,,,,,,,,,,,,,,,
2019-12-12,ΔΗΜΟΣ ΣΚΙΑΘΟΥ,,,,,,,,,,,,,,,,,,,,
2019-12-13,ΔΗΜΟΣ ΣΚΙΑΘΟΥ,,,,,,,,,,,,,,,,,,,,
2019-12-14,ΔΗΜΟΣ ΣΚΙΑΘΟΥ,,,,,,,,,,,,,,,,,,,,
2019-12-15,ΔΗΜΟΣ ΣΚΙΑΘΟΥ,,,,,,,,,,,,,,,,,,,,
2019-12-16,ΔΗΜΟΣ ΣΚΙΑΘΟΥ,,,,,,,,,,,,,,,,,,,,
2019-12-17,ΔΗΜΟΣ ΣΚΙΑΘΟΥ,,,,,,,,,,,,,,,,,,,,
2019-12-18,ΔΗΜΟΣ ΣΚΙΑΘΟΥ,,,,,,,,,,,,,,,,,,,,
2019-12-19,ΔΗΜΟΣ ΣΚΙΑΘΟΥ,,,,,,,,,,,,,,,,,,,,
2019-12-20,ΔΗΜΟΣ ΣΚΙΑΘΟΥ,,,,,,,,,,,,,,,,,,,,
2019-12-21,ΔΗΜΟΣ ΣΚΙΑΘΟΥ,,,,,,,,,,,,,,,,,,,,
2019-12-22,ΔΗΜΟΣ ΣΚΙΑΘΟΥ,,,,,,,,,,,,,,,,,,,,
2019-12-23,ΔΗΜΟΣ ΣΚΙΑΘΟΥ,,,,,,,,,,,,,,,,,,,,
2019-12-24,ΔΗΜΟΣ ΣΚΙΑΘΟΥ,,,,,,,,,,,,,,,,,,,,
2019-12-25,ΔΗΜΟΣ ΣΚΙΑΘΟΥ,,,,,,,,,,,,,,,,,,,,
2019-12-26,ΔΗΜΟΣ ΣΚΙΑΘΟΥ,,,,,,,,,,,,,,,,,,,,
2019-12-27,ΔΗΜΟΣ ΣΚΙΑΘΟΥ,,,,,,,,,,,,,,,,,,,,
2019-12-28,ΔΗΜΟΣ ΣΚΙΑΘΟΥ,,,,,,,,,,,,,,,,,,,,
2019-12-29,ΔΗΜΟΣ ΣΚΙΑΘΟΥ,,,,,,,,,,,,,,,,,,,,
2019-12-30,ΔΗΜΟΣ ΣΚΙΑΘΟΥ,,,,,,,,,,,,,,,,,,,,
2019-12-31,ΔΗΜΟΣ ΣΚΙΑΘΟΥ,,,,,,,,,,,,,,,,,,,,
2020-01-01,ΔΗΜΟΣ ΣΚΙΑΘΟΥ,,,,,,,,,,,,,,,,,,,,
2020-01-02,ΔΗΜΟΣ ΣΚΙΑΘΟΥ,,,,,,,,,,,,,,,,,,,,
2020-01-03,ΔΗΜΟΣ ΣΚΙΑΘΟΥ,,,,,,,,,,,,,,,,,,,,
2020-01-04,ΔΗΜΟΣ ΣΚΙΑΘΟΥ,,,,,,,,,,,,,,,,,,,,
2020-01-05,ΔΗΜΟΣ ΣΚΙΑΘΟΥ,,,,,,,,,,,,,,,,,,,,
2020-01-06,ΔΗΜΟΣ ΣΚΙΑΘΟΥ,,,,,,,,,,,,,,,,,,,,
2020-01-07,ΔΗΜΟΣ ΣΚΙΑΘΟΥ,,,,,,,,,,,,,,,,,,,,
2020-01-08,ΔΗΜΟΣ ΣΚΙΑΘΟΥ,,,,,,,,,,,,,,,,,,,,
2020-01-09,ΔΗΜΟΣ ΣΚΙΑΘΟΥ,,,,,,,,,,,,,,,,,,,,
2020-01-10,ΔΗΜΟΣ ΣΚΙΑΘΟΥ,,,,,,,,,,,,,,,,,,,,
2020-01-11,ΔΗΜΟΣ ΣΚΙΑΘΟΥ,,,,,,,,,,,,,,,,,,,,
2020-01-12,ΔΗΜΟΣ ΣΚΙΑΘΟΥ,,,,,,,,,,,,,,,,,,,,
2020-01-13,ΔΗΜΟΣ ΣΚΙΑΘΟΥ,,,,,,,,,,,,,,,,,,,,
2020-01-14,ΔΗΜΟΣ ΣΚΙΑΘΟΥ,,,,,,,,,,,,,,,,,,,,
2020-01-15,ΔΗΜΟΣ ΣΚΙΑΘΟΥ,,,,,,,,,,,,,,,,,,,,
2020-01-16,ΔΗΜΟΣ ΣΚΙΑΘΟΥ,,,,,,,,,,,,,,,,,,,,
2020-01-17,ΔΗΜΟΣ ΣΚΙΑΘΟΥ,,,,,,,,,,,,,,,,,,,,
2020-01-18,ΔΗΜΟΣ ΣΚΙΑΘΟΥ,,,,,,,,,,,,,,,,,,,,
2020-01-19,ΔΗΜΟΣ ΣΚΙΑΘΟΥ,,,,,,,,,,,,,,,,,,,,
2020-01-20,ΔΗΜΟΣ ΣΚΙΑΘΟΥ,,,,,,,,,,,,,,,,,,,,
2020-01-21,ΔΗΜΟΣ ΣΚΙΑΘΟΥ,,,,,,,,,,,,,,,,,,,,
2020-01-22,ΔΗΜΟΣ ΣΚΙΑΘΟΥ,,,,,,,,,,,,,,,,,,,,
2020-01-23,ΔΗΜΟΣ ΣΚΙΑΘΟΥ,,,,,,,,,,,,,,,,,,,,
2020-01-24,ΔΗΜΟΣ ΣΚΙΑΘΟΥ,,,,,,,,,,,,,,,,,,,,
2020-01-25,ΔΗΜΟΣ ΣΚΙΑΘΟΥ,,,,,,,,,,,,,,,,,,,,
2020-01-26,ΔΗΜΟΣ ΣΚΙΑΘΟΥ,,,,,,,,,,,,,,,,,,,,
2020-01-27,ΔΗΜΟΣ ΣΚΙΑΘΟΥ,,,,,,,,,,,,,,,,,,,,
2020-01-28,ΔΗΜΟΣ ΣΚΙΑΘΟΥ,,,,,,,,,,,,,,,,,,,,
2020-01-29,ΔΗΜΟΣ ΣΚΙΑΘΟΥ,,,,,,,,,,,,,,,,,,,,
2020-01-30,ΔΗΜΟΣ ΣΚΙΑΘΟΥ,,,,,,,,,,,,,,,,,,,,
2020-01-31,ΔΗΜΟΣ ΣΚΙΑΘΟΥ,,,,,,,,,,,,,,,,,,,,
2020-02-01,ΔΗΜΟΣ ΣΚΙΑΘΟΥ,,,,,,,,,,,,,,,,,,,,
2020-02-02,ΔΗΜΟΣ ΣΚΙΑΘΟΥ,,,,,,,,,,,,,,,,,,,,
2020-02-03,ΔΗΜΟΣ ΣΚΙΑΘΟΥ,,,,,,,,,,,,,,,,,,,,
2020-02-04,ΔΗΜΟΣ ΣΚΙΑΘΟΥ,,,,,,,,,,,,,,,,,,,,
2020-02-05,ΔΗΜΟΣ ΣΚΙΑΘΟΥ,,,,,,,,,,,,,,,,,,,,
2020-02-06,ΔΗΜΟΣ ΣΚΙΑΘΟΥ,,,,,,,,,,,,,,,,,,,,
2020-02-07,ΔΗΜΟΣ ΣΚΙΑΘΟΥ,,,,,,,,,,,,,,,,,,,,
2020-02-08,ΔΗΜΟΣ ΣΚΙΑΘΟΥ,,,,,,,,,,,,,,,,,,,,
2020-02-09,ΔΗΜΟΣ ΣΚΙΑΘΟΥ,,,,,,,,,,,,,,,,,,,,
2020-02-10,ΔΗΜΟΣ ΣΚΙΑΘΟΥ,,,,,,,,,,,,,,,,,,,,
2020-02-11,ΔΗΜΟΣ ΣΚΙΑΘΟΥ,,,,,,,,,,,,,,,,,,,,
2020-02-12,ΔΗΜΟΣ ΣΚΙΑΘΟΥ,,,,,,,,,,,,,,,,,,,,
2020-02-13,ΔΗΜΟΣ ΣΚΙΑΘΟΥ,,,,,,,,,,,,,,,,,,,,
2020-02-14,ΔΗΜΟΣ ΣΚΙΑΘΟΥ,,,,,,,,,,,,,,,,,,,,
2020-02-15,ΔΗΜΟΣ ΣΚΙΑΘΟΥ,,,,,,,,,,,,,,,,,,,,
2020-02-16,ΔΗΜΟΣ ΣΚΙΑΘΟΥ,,,,,,,,,,,,,,,,,,,,
2020-02-17,ΔΗΜΟΣ ΣΚΙΑΘΟΥ,,,,,,,,,,,,,,,,,,,,
2020-02-18,ΔΗΜΟΣ ΣΚΙΑΘΟΥ,,,,,,,,,,,,,,,,,,,,
2020-02-19,ΔΗΜΟΣ ΣΚΙΑΘΟΥ,,,,,,,,,,,,,,,,,,,,
2020-02-20,ΔΗΜΟΣ ΣΚΙΑΘΟΥ,,,,,,,,,,,,,,,,,,,,
2020-02-21,ΔΗΜΟΣ ΣΚΙΑΘΟΥ,,,,,,,,,,,,,,,,,,,,
2020-02-22,ΔΗΜΟΣ ΣΚΙΑΘΟΥ,,,,,,,,,,,,,,,,,,,,
2020-02-23,ΔΗΜΟΣ ΣΚΙΑΘΟΥ,,,,,,,,,,,,,,,,,,,,
2020-02-24,ΔΗΜΟΣ ΣΚΙΑΘΟΥ,,,,,,,,,,,,,,,,,,,,
2020-02-25,ΔΗΜΟΣ ΣΚΙΑΘΟΥ,,,,,,,,,,,,,,,,,,,,
2020-02-26,ΔΗΜΟΣ ΣΚΙΑΘΟΥ,,,,,,,,,,,,,,,,,,,,
2020-02-27,ΔΗΜΟΣ ΣΚΙΑΘΟΥ,,,,,,,,,,,,,,,,,,,,
2020-02-28,ΔΗΜΟΣ ΣΚΙΑΘΟΥ,,,,,,,,,,,,,,,,,,,,
2020-02-29,ΔΗΜΟΣ ΣΚΙΑΘΟΥ,,,,,,,,,,,,,,,,,,,,
2020-03-01,ΔΗΜΟΣ ΣΚΙΑΘΟΥ,,,,,,,,,,,,,,,,,,,,
2020-03-02,ΔΗΜΟΣ ΣΚΙΑΘΟΥ,,,,,,,,,,,,,,,,,,,,
2020-03-03,ΔΗΜΟΣ ΣΚΙΑΘΟΥ,,,,,,,,,,,,,,,,,,,,
2020-03-04,ΔΗΜΟΣ ΣΚΙΑΘΟΥ,,,,,,,,,,,,,,,,,,,,
2020-03-05,ΔΗΜΟΣ ΣΚΙΑΘΟΥ,,,,,,,,,,,,,,,,,,,,
2020-03-06,ΔΗΜΟΣ ΣΚΙΑΘΟΥ,,,,,,,,,,,,,,,,,,,,
2020-03-07,ΔΗΜΟΣ ΣΚΙΑΘΟΥ,,,,,,,,,,,,,,,,,,,,
2020-03-08,ΔΗΜΟΣ ΣΚΙΑΘΟΥ,,,,,,,,,,,,,,,,,,,,
2020-03-09,ΔΗΜΟΣ ΣΚΙΑΘΟΥ,,,,,,,,,,,,,,,,,,,,
2020-03-10,ΔΗΜΟΣ ΣΚΙΑΘΟΥ,,,,,,,,,,,,,,,,,,,,
2020-03-11,ΔΗΜΟΣ ΣΚΙΑΘΟΥ,,,,,,,,,,,,,,,,,,,,
2020-03-12,ΔΗΜΟΣ ΣΚΙΑΘΟΥ,,,,,,,,,,,,,,,,,,,,
2020-03-13,ΔΗΜΟΣ ΣΚΙΑΘΟΥ,,,,,,,,,,,,,,,,,,,,
2020-03-14,ΔΗΜΟΣ ΣΚΙΑΘΟΥ,,,,,,,,,,,,,,,,,,,,
2020-03-15,ΔΗΜΟΣ ΣΚΙΑΘΟΥ,,,,,,,,,,,,,,,,,,,,
2020-03-16,ΔΗΜΟΣ ΣΚΙΑΘΟΥ,,,,,,,,,,,,,,,,,,,,
2020-03-17,ΔΗΜΟΣ ΣΚΙΑΘΟΥ,,,,,,,,,,,,,,,,,,,,
2020-03-18,ΔΗΜΟΣ ΣΚΙΑΘΟΥ,,,,,,,,,,,,,,,,,,,,
2020-03-19,ΔΗΜΟΣ ΣΚΙΑΘΟΥ,,,,,,,,,,,,,,,,,,,,
2020-03-20,ΔΗΜΟΣ ΣΚΙΑΘΟΥ,,,,,,,,,,,,,,,,,,,,
2020-03-21,ΔΗΜΟΣ ΣΚΙΑΘΟΥ,,,,,,,,,,,,,,,,,,,,
2020-03-22,ΔΗΜΟΣ ΣΚΙΑΘΟΥ,,,,,,,,,,,,,,,,,,,,
2020-03-23,ΔΗΜΟΣ ΣΚΙΑΘΟΥ,,,,,,,,,,,,,,,,,,,,
2020-03-24,ΔΗΜΟΣ ΣΚΙΑΘΟΥ,,,,,,,,,,,,,,,,,,,,
2020-03-25,ΔΗΜΟΣ ΣΚΙΑΘΟΥ,,,,,,,,,,,,,,,,,,,,
2020-03-26,ΔΗΜΟΣ ΣΚΙΑΘΟΥ,,,,,,,,,,,,,,,,,,,,
2020-03-27,ΔΗΜΟΣ ΣΚΙΑΘΟΥ,,,,,,,,,,,,,,,,,,,,
2020-03-28,ΔΗΜΟΣ ΣΚΙΑΘΟΥ,,,,,,,,,,,,,,,,,,,,
2020-03-29,ΔΗΜΟΣ ΣΚΙΑΘΟΥ,,,,,,,,,,,,,,,,,,,,
2020-03-30,ΔΗΜΟΣ ΣΚΙΑΘΟΥ,,,,,,,,,,,,,,,,,,,,
2020-03-31,ΔΗΜΟΣ ΣΚΙΑΘΟΥ,,,,,,,,,,,,,,,,,,,,
2020-04-01,ΔΗΜΟΣ ΣΚΙΑΘΟΥ,,,,,,,,,,,,,,,,,,,,
2020-04-02,ΔΗΜΟΣ ΣΚΙΑΘΟΥ,,,,,,,,,,,,,,,,,,,,
2020-04-03,ΔΗΜΟΣ ΣΚΙΑΘΟΥ,,,,,,,,,,,,,,,,,,,,
2020-04-04,ΔΗΜΟΣ ΣΚΙΑΘΟΥ,,,,,,,,,,,,,,,,,,,,
2020-04-05,ΔΗΜΟΣ ΣΚΙΑΘΟΥ,,,,,,,,,,,,,,,,,,,,
2020-04-06,ΔΗΜΟΣ ΣΚΙΑΘΟΥ,,,,,,,,,,,,,,,,,,,,
2020-04-07,ΔΗΜΟΣ ΣΚΙΑΘΟΥ,,,,,,,,,,,,,,,,,,,,
2020-04-08,ΔΗΜΟΣ ΣΚΙΑΘΟΥ,,,,,,,,,,,,,,,,,,,,
2020-04-09,ΔΗΜΟΣ ΣΚΙΑΘΟΥ,,,,,,,,,,,,,,,,,,,,
2020-04-10,ΔΗΜΟΣ ΣΚΙΑΘΟΥ,,,,,,,,,,,,,,,,,,,,
2020-04-11,ΔΗΜΟΣ ΣΚΙΑΘΟΥ,,,,,,,,,,,,,,,,,,,,
2020-04-12,ΔΗΜΟΣ ΣΚΙΑΘΟΥ,,,,,,,,,,,,,,,,,,,,
2020-04-13,ΔΗΜΟΣ ΣΚΙΑΘΟΥ,,,,,,,,,,,,,,,,,,,,
2020-04-14,ΔΗΜΟΣ ΣΚΙΑΘΟΥ,,,,,,,,,,,,,,,,,,,,
2020-04-15,ΔΗΜΟΣ ΣΚΙΑΘΟΥ,,,,,,,,,,,,,,,,,,,,
2020-04-16,ΔΗΜΟΣ ΣΚΙΑΘΟΥ,,,,,,,,,,,,,,,,,,,,
2020-04-17,ΔΗΜΟΣ ΣΚΙΑΘΟΥ,,,,,,,,,,,,,,,,,,,,
2020-04-18,ΔΗΜΟΣ ΣΚΙΑΘΟΥ,,,,,,,,,,,,,,,,,,,,
2020-04-19,ΔΗΜΟΣ ΣΚΙΑΘΟΥ,,,,,,,,,,,,,,,,,,,,
2020-04-20,ΔΗΜΟΣ ΣΚΙΑΘΟΥ,,,,,,,,,,,,,,,,,,,,
2020-04-21,ΔΗΜΟΣ ΣΚΙΑΘΟΥ,,,,,,,,,,,,,,,,,,,,
2020-04-22,ΔΗΜΟΣ ΣΚΙΑΘΟΥ,,,,,,,,,,,,,,,,,,,,
2020-04-23,ΔΗΜΟΣ ΣΚΙΑΘΟΥ,,,,,,,,,,,,,,,,,,,,
2020-04-24,ΔΗΜΟΣ ΣΚΙΑΘΟΥ,,,,,,,,,,,,,,,,,,,,
2020-04-25,ΔΗΜΟΣ ΣΚΙΑΘΟΥ,,,,,,,,,,,,,,,,,,,,
2020-04-26,ΔΗΜΟΣ ΣΚΙΑΘΟΥ,,,,,,,,,,,,,,,,,,,,
2020-04-27,ΔΗΜΟΣ ΣΚΙΑΘΟΥ,,,,,,,,,,,,,,,,,,,,
2020-04-28,ΔΗΜΟΣ ΣΚΙΑΘΟΥ,,,,,,,,,,,,,,,,,,,,
2020-04-29,ΔΗΜΟΣ ΣΚΙΑΘΟΥ,,,,,,,,,,,,,,,,,,,,
2020-04-30,ΔΗΜΟΣ ΣΚΙΑΘΟΥ,,,,,,,,,,,,,,,,,,,,
2020-05-01,ΔΗΜΟΣ ΣΚΙΑΘΟΥ,,,,,,,,,,,,,,,,,,,,
2020-05-02,ΔΗΜΟΣ ΣΚΙΑΘΟΥ,,,,,,,,,,,,,,,,,,,,
2020-05-03,ΔΗΜΟΣ ΣΚΙΑΘΟΥ,,,,,,,,,,,,,,,,,,,,
2020-05-04,ΔΗΜΟΣ ΣΚΙΑΘΟΥ,,,,,,,,,,,,,,,,,,,,
2020-05-05,ΔΗΜΟΣ ΣΚΙΑΘΟΥ,,,,,,,,,,,,,,,,,,,,
2020-05-06,ΔΗΜΟΣ ΣΚΙΑΘΟΥ,,,,,,,,,,,,,,,,,,,,
2020-05-07,ΔΗΜΟΣ ΣΚΙΑΘΟΥ,,,,,,,,,,,,,,,,,,,,
2020-05-08,ΔΗΜΟΣ ΣΚΙΑΘΟΥ,,,,,,,,,,,,,,,,,,,,
2020-05-09,ΔΗΜΟΣ ΣΚΙΑΘΟΥ,,,,,,,,,,,,,,,,,,,,
2020-05-10,ΔΗΜΟΣ ΣΚΙΑΘΟΥ,,,,,,,,,,,,,,,,,,,,
2020-05-11,ΔΗΜΟΣ ΣΚΙΑΘΟΥ,,,,,,,,,,,,,,,,,,,,
2020-05-12,ΔΗΜΟΣ ΣΚΙΑΘΟΥ,,,,,,,,,,,,,,,,,,,,
2020-05-13,ΔΗΜΟΣ ΣΚΙΑΘΟΥ,,,,,,,,,,,,,,,,,,,,
2020-05-14,ΔΗΜΟΣ ΣΚΙΑΘΟΥ,,,,,,,,,,,,,,,,,,,,
2020-05-15,ΔΗΜΟΣ ΣΚΙΑΘΟΥ,,,,,,,,,,,,,,,,,,,,
2020-05-16,ΔΗΜΟΣ ΣΚΙΑΘΟΥ,,,,,,,,,,,,,,,,,,,,
2020-05-17,ΔΗΜΟΣ ΣΚΙΑΘΟΥ,,,,,,,,,,,,,,,,,,,,
2020-05-18,ΔΗΜΟΣ ΣΚΙΑΘΟΥ,,,,,,,,,,,,,,,,,,,,
2020-05-19,ΔΗΜΟΣ ΣΚΙΑΘΟΥ,,,,,,,,,,,,,,,,,,,,
2020-05-20,ΔΗΜΟΣ ΣΚΙΑΘΟΥ,,,,,,,,,,,,,,,,,,,,
2020-05-21,ΔΗΜΟΣ ΣΚΙΑΘΟΥ,,,,,,,,,,,,,,,,,,,,
2020-05-22,ΔΗΜΟΣ ΣΚΙΑΘΟΥ,,,,,,,,,,,,,,,,,,,,
2020-05-23,ΔΗΜΟΣ ΣΚΙΑΘΟΥ,,,,,,,,,,,,,,,,,,,,
2020-05-24,ΔΗΜΟΣ ΣΚΙΑΘΟΥ,,,,,,,,,,,,,,,,,,,,
2020-05-25,ΔΗΜΟΣ ΣΚΙΑΘΟΥ,,,,,,,,,,,,,,,,,,,,
2020-05-26,ΔΗΜΟΣ ΣΚΙΑΘΟΥ,,,,,,,,,,,,,,,,,,,,
2020-05-27,ΔΗΜΟΣ ΣΚΙΑΘΟΥ,,,,,,,,,,,,,,,,,,,,
2020-05-28,ΔΗΜΟΣ ΣΚΙΑΘΟΥ,,,,,,,,,,,,,,,,,,,,
2020-05-29,ΔΗΜΟΣ ΣΚΙΑΘΟΥ,,,,,,,,,,,,,,,,,,,,
2020-05-30,ΔΗΜΟΣ ΣΚΙΑΘΟΥ,,,,,,,,,,,,,,,,,,,,
2020-05-31,ΔΗΜΟΣ ΣΚΙΑΘΟΥ,,,,,,,,,,,,,,,,,,,,
2020-06-01,ΔΗΜΟΣ ΣΚΙΑΘΟΥ,,,,,,,,,,,,,,,,,,,,
2020-06-02,ΔΗΜΟΣ ΣΚΙΑΘΟΥ,,,,,,,,,,,,,,,,,,,,
2020-06-03,ΔΗΜΟΣ ΣΚΙΑΘΟΥ,,,,,,,,,,,,,,,,,,,,
2020-06-04,ΔΗΜΟΣ ΣΚΙΑΘΟΥ,,,,,,,,,,,,,,,,,,,,
2020-06-05,ΔΗΜΟΣ ΣΚΙΑΘΟΥ,,,,,,,,,,,,,,,,,,,,
2020-06-06,ΔΗΜΟΣ ΣΚΙΑΘΟΥ,,,,,,,,,,,,,,,,,,,,
2020-06-07,ΔΗΜΟΣ ΣΚΙΑΘΟΥ,,,,,,,,,,,,,,,,,,,,
2020-06-08,ΔΗΜΟΣ ΣΚΙΑΘΟΥ,,,,,,,,,,,,,,,,,,,,
2020-06-09,ΔΗΜΟΣ ΣΚΙΑΘΟΥ,,,,,,,,,,,,,,,,,,,,
2020-06-10,ΔΗΜΟΣ ΣΚΙΑΘΟΥ,,,,,,,,,,,,,,,,,,,,
2020-06-11,ΔΗΜΟΣ ΣΚΙΑΘΟΥ,,,,,,,,,,,,,,,,,,,,
2020-06-12,ΔΗΜΟΣ ΣΚΙΑΘΟΥ,,,,,,,,,,,,,,,,,,,,
2020-06-13,ΔΗΜΟΣ ΣΚΙΑΘΟΥ,,,,,,,,,,,,,,,,,,,,
2020-06-14,ΔΗΜΟΣ ΣΚΙΑΘΟΥ,,,,,,,,,,,,,,,,,,,,
2020-06-15,ΔΗΜΟΣ ΣΚΙΑΘΟΥ,,,,,,,,,,,,,,,,,,,,
2020-06-16,ΔΗΜΟΣ ΣΚΙΑΘΟΥ,,,,,,,,,,,,,,,,,,,,
2020-06-17,ΔΗΜΟΣ ΣΚΙΑΘΟΥ,,,,,,,,,,,,,,,,,,,,
2020-06-18,ΔΗΜΟΣ ΣΚΙΑΘΟΥ,,,,,,,,,,,,,,,,,,,,
2020-06-19,ΔΗΜΟΣ ΣΚΙΑΘΟΥ,,,,,,,,,,,,,,,,,,,,
2020-06-20,ΔΗΜΟΣ ΣΚΙΑΘΟΥ,,,,,,,,,,,,,,,,,,,,
2020-06-21,ΔΗΜΟΣ ΣΚΙΑΘΟΥ,,,,,,,,,,,,,,,,,,,,
2020-06-22,ΔΗΜΟΣ ΣΚΙΑΘΟΥ,,,,,,,,,,,,,,,,,,,,
2020-06-23,ΔΗΜΟΣ ΣΚΙΑΘΟΥ,,,,,,,,,,,,,,,,,,,,
2020-06-24,ΔΗΜΟΣ ΣΚΙΑΘΟΥ,,,,,,,,,,,,,,,,,,,,
2020-06-25,ΔΗΜΟΣ ΣΚΙΑΘΟΥ,,,,,,,,,,,,,,,,,,,,
2020-06-26,ΔΗΜΟΣ ΣΚΙΑΘΟΥ,,,,,,,,,,,,,,,,,,,,
2020-06-27,ΔΗΜΟΣ ΣΚΙΑΘΟΥ,,,,,,,,,,,,,,,,,,,,
2020-06-28,ΔΗΜΟΣ ΣΚΙΑΘΟΥ,,,,,,,,,,,,,,,,,,,,
2020-06-29,ΔΗΜΟΣ ΣΚΙΑΘΟΥ,,,,,,,,,,,,,,,,,,,,
2020-06-30,ΔΗΜΟΣ ΣΚΙΑΘΟΥ,,,,,,,,,,,,,,,,,,,,
2020-07-01,ΔΗΜΟΣ ΣΚΙΑΘΟΥ,,,,,,,,,,,,,,,,,,,,
2020-07-02,ΔΗΜΟΣ ΣΚΙΑΘΟΥ,,,,,,,,,,,,,,,,,,,,
2020-07-03,ΔΗΜΟΣ ΣΚΙΑΘΟΥ,,,,,,,,,,,,,,,,,,,,
2020-07-04,ΔΗΜΟΣ ΣΚΙΑΘΟΥ,,,,,,,,,,,,,,,,,,,,
2020-07-05,ΔΗΜΟΣ ΣΚΙΑΘΟΥ,,,,,,,,,,,,,,,,,,,,
2020-07-06,ΔΗΜΟΣ ΣΚΙΑΘΟΥ,,,,,,,,,,,,,,,,,,,,
2020-07-07,ΔΗΜΟΣ ΣΚΙΑΘΟΥ,,,,,,,,,,,,,,,,,,,,
2020-07-08,ΔΗΜΟΣ ΣΚΙΑΘΟΥ,,,,,,,,,,,,,,,,,,,,
2020-07-09,ΔΗΜΟΣ ΣΚΙΑΘΟΥ,,,,,,,,,,,,,,,,,,,,
2020-07-10,ΔΗΜΟΣ ΣΚΙΑΘΟΥ,,,,,,,,,,,,,,,,,,,,
2020-07-11,ΔΗΜΟΣ ΣΚΙΑΘΟΥ,,,,,,,,,,,,,,,,,,,,
2020-07-12,ΔΗΜΟΣ ΣΚΙΑΘΟΥ,,,,,,,,,,,,,,,,,,,,
2020-07-13,ΔΗΜΟΣ ΣΚΙΑΘΟΥ,,,,,,,,,,,,,,,,,,,,
2020-07-14,ΔΗΜΟΣ ΣΚΙΑΘΟΥ,,,,,,,,,,,,,,,,,,,,
2020-07-15,ΔΗΜΟΣ ΣΚΙΑΘΟΥ,,,,,,,,,,,,,,,,,,,,
2020-07-16,ΔΗΜΟΣ ΣΚΙΑΘΟΥ,,,,,,,,,,,,,,,,,,,,
2020-07-17,ΔΗΜΟΣ ΣΚΙΑΘΟΥ,,,,,,,,,,,,,,,,,,,,
2020-07-18,ΔΗΜΟΣ ΣΚΙΑΘΟΥ,,,,,,,,,,,,,,,,,,,,
2020-07-19,ΔΗΜΟΣ ΣΚΙΑΘΟΥ,,,,,,,,,,,,,,,,,,,,
2020-07-20,ΔΗΜΟΣ ΣΚΙΑΘΟΥ,,,,,,,,,,,,,,,,,,,,
2020-07-21,ΔΗΜΟΣ ΣΚΙΑΘΟΥ,,,,,,,,,,,,,,,,,,,,
2020-07-22,ΔΗΜΟΣ ΣΚΙΑΘΟΥ,,,,,,,,,,,,,,,,,,,,
2020-07-23,ΔΗΜΟΣ ΣΚΙΑΘΟΥ,,,,,,,,,,,,,,,,,,,,
2020-07-24,ΔΗΜΟΣ ΣΚΙΑΘΟΥ,,,,,,,,,,,,,,,,,,,,
2020-07-25,ΔΗΜΟΣ ΣΚΙΑΘΟΥ,,,,,,,,,,,,,,,,,,,,
2020-07-26,ΔΗΜΟΣ ΣΚΙΑΘΟΥ,,,,,,,,,,,,,,,,,,,,
2020-07-27,ΔΗΜΟΣ ΣΚΙΑΘΟΥ,,,,,,,,,,,,,,,,,,,,
2020-07-28,ΔΗΜΟΣ ΣΚΙΑΘΟΥ,,,,,,,,,,,,,,,,,,,,
2020-07-29,ΔΗΜΟΣ ΣΚΙΑΘΟΥ,,,,,,,,,,,,,,,,,,,,
2020-07-30,ΔΗΜΟΣ ΣΚΙΑΘΟΥ,,,,,,,,,,,,,,,,,,,,
2020-07-31,ΔΗΜΟΣ ΣΚΙΑΘΟΥ,,,,,,,,,,,,,,,,,,,,
2020-08-01,ΔΗΜΟΣ ΣΚΙΑΘΟΥ,,,,,,,,,,,,,,,,,,,,
2020-08-02,ΔΗΜΟΣ ΣΚΙΑΘΟΥ,,,,,,,,,,,,,,,,,,,,
2020-08-03,ΔΗΜΟΣ ΣΚΙΑΘΟΥ,,,,,,,,,,,,,,,,,,,,
2020-08-04,ΔΗΜΟΣ ΣΚΙΑΘΟΥ,,,,,,,,,,,,,,,,,,,,
2020-08-05,ΔΗΜΟΣ ΣΚΙΑΘΟΥ,,,,,,,,,,,,,,,,,,,,
2020-08-06,ΔΗΜΟΣ ΣΚΙΑΘΟΥ,,,,,,,,,,,,,,,,,,,,
2020-08-07,ΔΗΜΟΣ ΣΚΙΑΘΟΥ,,,,,,,,,,,,,,,,,,,,
2020-08-08,ΔΗΜΟΣ ΣΚΙΑΘΟΥ,,,,,,,,,,,,,,,,,,,,
2020-08-09,ΔΗΜΟΣ ΣΚΙΑΘΟΥ,,,,,,,,,,,,,,,,,,,,
2020-08-10,ΔΗΜΟΣ ΣΚΙΑΘΟΥ,,,,,,,,,,,,,,,,,,,,
2020-08-11,ΔΗΜΟΣ ΣΚΙΑΘΟΥ,,,,,,,,,,,,,,,,,,,,
2020-08-12,ΔΗΜΟΣ ΣΚΙΑΘΟΥ,,,,,,,,,,,,,,,,,,,,
2020-08-13,ΔΗΜΟΣ ΣΚΙΑΘΟΥ,,,,,,,,,,,,,,,,,,,,
2020-08-14,ΔΗΜΟΣ ΣΚΙΑΘΟΥ,,,,,,,,,,,,,,,,,,,,
2020-08-15,ΔΗΜΟΣ ΣΚΙΑΘΟΥ,,,,,,,,,,,,,,,,,,,,
2020-08-16,ΔΗΜΟΣ ΣΚΙΑΘΟΥ,,,,,,,,,,,,,,,,,,,,
2020-08-17,ΔΗΜΟΣ ΣΚΙΑΘΟΥ,,,,,,,,,,,,,,,,,,,,
2020-08-18,ΔΗΜΟΣ ΣΚΙΑΘΟΥ,,,,,,,,,,,,,,,,,,,,
2020-08-19,ΔΗΜΟΣ ΣΚΙΑΘΟΥ,,,,,,,,,,,,,,,,,,,,
2020-08-20,ΔΗΜΟΣ ΣΚΙΑΘΟΥ,,,,,,,,,,,,,,,,,,,,
2020-08-21,ΔΗΜΟΣ ΣΚΙΑΘΟΥ,,,,,,,,,,,,,,,,,,,,
2020-08-22,ΔΗΜΟΣ ΣΚΙΑΘΟΥ,,,,,,,,,,,,,,,,,,,,
2020-08-23,ΔΗΜΟΣ ΣΚΙΑΘΟΥ,,,,,,,,,,,,,,,,,,,,
2020-08-24,ΔΗΜΟΣ ΣΚΙΑΘΟΥ,,,,,,,,,,,,,,,,,,,,
2020-08-25,ΔΗΜΟΣ ΣΚΙΑΘΟΥ,,,,,,,,,,,,,,,,,,,,
2020-08-26,ΔΗΜΟΣ ΣΚΙΑΘΟΥ,,,,,,,,,,,,,,,,,,,,
2020-08-27,ΔΗΜΟΣ ΣΚΙΑΘΟΥ,,,,,,,,,,,,,,,,,,,,
2020-08-28,ΔΗΜΟΣ ΣΚΙΑΘΟΥ,,,,,,,,,,,,,,,,,,,,
2020-08-29,ΔΗΜΟΣ ΣΚΙΑΘΟΥ,,,,,,,,,,,,,,,,,,,,
2020-08-30,ΔΗΜΟΣ ΣΚΙΑΘΟΥ,,,,,,,,,,,,,,,,,,,,
2020-08-31,ΔΗΜΟΣ ΣΚΙΑΘΟΥ,,,,,,,,,,,,,,,,,,,,
2020-09-01,ΔΗΜΟΣ ΣΚΙΑΘΟΥ,,,,,,,,,,,,,,,,,,,,
2020-09-02,ΔΗΜΟΣ ΣΚΙΑΘΟΥ,,,,,,,,,,,,,,,,,,,,
2020-09-03,ΔΗΜΟΣ ΣΚΙΑΘΟΥ,,,,,,,,,,,,,,,,,,,,
2020-09-04,ΔΗΜΟΣ ΣΚΙΑΘΟΥ,,,,,,,,,,,,,,,,,,,,
2020-09-05,ΔΗΜΟΣ ΣΚΙΑΘΟΥ,,,,,,,,,,,,,,,,,,,,
2020-09-06,ΔΗΜΟΣ ΣΚΙΑΘΟΥ,,,,,,,,,,,,,,,,,,,,
2020-09-07,ΔΗΜΟΣ ΣΚΙΑΘΟΥ,,,,,,,,,,,,,,,,,,,,
2020-09-08,ΔΗΜΟΣ ΣΚΙΑΘΟΥ,,,,,,,,,,,,,,,,,,,,
2020-09-09,ΔΗΜΟΣ ΣΚΙΑΘΟΥ,,,,,,,,,,,,,,,,,,,,
2020-09-10,ΔΗΜΟΣ ΣΚΙΑΘΟΥ,,,,,,,,,,,,,,,,,,,,
2020-09-11,ΔΗΜΟΣ ΣΚΙΑΘΟΥ,,,,,,,,,,,,,,,,,,,,
2020-09-12,ΔΗΜΟΣ ΣΚΙΑΘΟΥ,,,,,,,,,,,,,,,,,,,,
2020-09-13,ΔΗΜΟΣ ΣΚΙΑΘΟΥ,,,,,,,,,,,,,,,,,,,,
2020-09-14,ΔΗΜΟΣ ΣΚΙΑΘΟΥ,,,,,,,,,,,,,,,,,,,,
2020-09-15,ΔΗΜΟΣ ΣΚΙΑΘΟΥ,,,,,,,,,,,,,,,,,,,,
2020-09-16,ΔΗΜΟΣ ΣΚΙΑΘΟΥ,,,,,,,,,,,,,,,,,,,,
2020-09-17,ΔΗΜΟΣ ΣΚΙΑΘΟΥ,,,,,,,,,,,,,,,,,,,,
2020-09-18,ΔΗΜΟΣ ΣΚΙΑΘΟΥ,,,,,,,,,,,,,,,,,,,,
2020-09-19,ΔΗΜΟΣ ΣΚΙΑΘΟΥ,,,,,,,,,,,,,,,,,,,,
2020-09-20,ΔΗΜΟΣ ΣΚΙΑΘΟΥ,,,,,,,,,,,,,,,,,,,,
2020-09-21,ΔΗΜΟΣ ΣΚΙΑΘΟΥ,,,,,,,,,,,,,,,,,,,,
2020-09-22,ΔΗΜΟΣ ΣΚΙΑΘΟΥ,,,,,,,,,,,,,,,,,,,,
2020-09-23,ΔΗΜΟΣ ΣΚΙΑΘΟΥ,,,,,,,,,,,,,,,,,,,,
2020-09-24,ΔΗΜΟΣ ΣΚΙΑΘΟΥ,,,,,,,,,,,,,,,,,,,,
2020-09-25,ΔΗΜΟΣ ΣΚΙΑΘΟΥ,,,,,,,,,,,,,,,,,,,,
2020-09-26,ΔΗΜΟΣ ΣΚΙΑΘΟΥ,,,,,,,,,,,,,,,,,,,,
2020-09-27,ΔΗΜΟΣ ΣΚΙΑΘΟΥ,,,,,,,,,,,,,,,,,,,,
2020-09-28,ΔΗΜΟΣ ΣΚΙΑΘΟΥ,,,,,,,,,,,,,,,,,,,,
2020-09-29,ΔΗΜΟΣ ΣΚΙΑΘΟΥ,,,,,,,,,,,,,,,,,,,,
2020-09-30,ΔΗΜΟΣ ΣΚΙΑΘΟΥ,,,,,,,,,,,,,,,,,,,,
2020-10-01,ΔΗΜΟΣ ΣΚΙΑΘΟΥ,,,,,,,,,,,,,,,,,,,,
2020-10-02,ΔΗΜΟΣ ΣΚΙΑΘΟΥ,,,,,,,,,,,,,,,,,,,,
2020-10-03,ΔΗΜΟΣ ΣΚΙΑΘΟΥ,,,,,,,,,,,,,,,,,,,,
2020-10-04,ΔΗΜΟΣ ΣΚΙΑΘΟΥ,,,,,,,,,,,,,,,,,,,,
2020-10-05,ΔΗΜΟΣ ΣΚΙΑΘΟΥ,,,,,,,,,,,,,,,,,,,,
2020-10-06,ΔΗΜΟΣ ΣΚΙΑΘΟΥ,,,,,,,,,,,,,,,,,,,,
2020-10-07,ΔΗΜΟΣ ΣΚΙΑΘΟΥ,,,,,,,,,,,,,,,,,,,,
2020-10-08,ΔΗΜΟΣ ΣΚΙΑΘΟΥ,,,,,,,,,,,,,,,,,,,,
2020-10-09,ΔΗΜΟΣ ΣΚΙΑΘΟΥ,,,,,,,,,,,,,,,,,,,,
2020-10-10,ΔΗΜΟΣ ΣΚΙΑΘΟΥ,,,,,,,,,,,,,,,,,,,,
2020-10-11,ΔΗΜΟΣ ΣΚΙΑΘΟΥ,,,,,,,,,,,,,,,,,,,,
2020-10-12,ΔΗΜΟΣ ΣΚΙΑΘΟΥ,,,,,,,,,,,,,,,,,,,,
2020-10-13,ΔΗΜΟΣ ΣΚΙΑΘΟΥ,,,,,,,,,,,,,,,,,,,,
2020-10-14,ΔΗΜΟΣ ΣΚΙΑΘΟΥ,,,,,,,,,,,,,,,,,,,,
2020-10-15,ΔΗΜΟΣ ΣΚΙΑΘΟΥ,,,,,,,,,,,,,,,,,,,,
2020-10-16,ΔΗΜΟΣ ΣΚΙΑΘΟΥ,,,,,,,,,,,,,,,,,,,,
2020-10-17,ΔΗΜΟΣ ΣΚΙΑΘΟΥ,,,,,,,,,,,,,,,,,,,,
2020-10-18,ΔΗΜΟΣ ΣΚΙΑΘΟΥ,,,,,,,,,,,,,,,,,,,,
2020-10-19,ΔΗΜΟΣ ΣΚΙΑΘΟΥ,,,,,,,,,,,,,,,,,,,,
2020-10-20,ΔΗΜΟΣ ΣΚΙΑΘΟΥ,,,,,,,,,,,,,,,,,,,,
2020-10-21,ΔΗΜΟΣ ΣΚΙΑΘΟΥ,,,,,,,,,,,,,,,,,,,,
2020-10-22,ΔΗΜΟΣ ΣΚΙΑΘΟΥ,,,,,,,,,,,,,,,,,,,,
2020-10-23,ΔΗΜΟΣ ΣΚΙΑΘΟΥ,,,,,,,,,,,,,,,,,,,,
2020-10-24,ΔΗΜΟΣ ΣΚΙΑΘΟΥ,,,,,,,,,,,,,,,,,,,,
2020-10-25,ΔΗΜΟΣ ΣΚΙΑΘΟΥ,,,,,,,,,,,,,,,,,,,,
2020-10-26,ΔΗΜΟΣ ΣΚΙΑΘΟΥ,,,,,,,,,,,,,,,,,,,,
2020-10-27,ΔΗΜΟΣ ΣΚΙΑΘΟΥ,,,,,,,,,,,,,,,,,,,,
2020-10-28,ΔΗΜΟΣ ΣΚΙΑΘΟΥ,,,,,,,,,,,,,,,,,,,,
2020-10-29,ΔΗΜΟΣ ΣΚΙΑΘΟΥ,,,,,,,,,,,,,,,,,,,,
2020-10-30,ΔΗΜΟΣ ΣΚΙΑΘΟΥ,,,,,,,,,,,,,,,,,,,,
2020-10-31,ΔΗΜΟΣ ΣΚΙΑΘΟΥ,,,,,,,,,,,,,,,,,,,,
2020-11-01,ΔΗΜΟΣ ΣΚΙΑΘΟΥ,,,,,,,,,,,,,,,,,,,,
2020-11-02,ΔΗΜΟΣ ΣΚΙΑΘΟΥ,,,,,,,,,,,,,,,,,,,,
2020-11-03,ΔΗΜΟΣ ΣΚΙΑΘΟΥ,,,,,,,,,,,,,,,,,,,,
2020-11-04,ΔΗΜΟΣ ΣΚΙΑΘΟΥ,,,,,,,,,,,,,,,,,,,,
2020-11-05,ΔΗΜΟΣ ΣΚΙΑΘΟΥ,,,,,,,,,,,,,,,,,,,,
2020-11-06,ΔΗΜΟΣ ΣΚΙΑΘΟΥ,,,,,,,,,,,,,,,,,,,,
2020-11-07,ΔΗΜΟΣ ΣΚΙΑΘΟΥ,,,,,,,,,,,,,,,,,,,,
2020-11-08,ΔΗΜΟΣ ΣΚΙΑΘΟΥ,,,,,,,,,,,,,,,,,,,,
2020-11-09,ΔΗΜΟΣ ΣΚΙΑΘΟΥ,,,,,,,,,,,,,,,,,,,,
2020-11-10,ΔΗΜΟΣ ΣΚΙΑΘΟΥ,,,,,,,,,,,,,,,,,,,,
2020-11-11,ΔΗΜΟΣ ΣΚΙΑΘΟΥ,,,,,,,,,,,,,,,,,,,,
2020-11-12,ΔΗΜΟΣ ΣΚΙΑΘΟΥ,,,,,,,,,,,,,,,,,,,,
2020-11-13,ΔΗΜΟΣ ΣΚΙΑΘΟΥ,,,,,,,,,,,,,,,,,,,,
2020-11-14,ΔΗΜΟΣ ΣΚΙΑΘΟΥ,,,,,,,,,,,,,,,,,,,,
2020-11-15,ΔΗΜΟΣ ΣΚΙΑΘΟΥ,,,,,,,,,,,,,,,,,,,,
2020-11-16,ΔΗΜΟΣ ΣΚΙΑΘΟΥ,,,,,,,,,,,,,,,,,,,,
2020-11-17,ΔΗΜΟΣ ΣΚΙΑΘΟΥ,,,,,,,,,,,,,,,,,,,,
2020-11-18,ΔΗΜΟΣ ΣΚΙΑΘΟΥ,,,,,,,,,,,,,,,,,,,,
2020-11-19,ΔΗΜΟΣ ΣΚΙΑΘΟΥ,,,,,,,,,,,,,,,,,,,,
2020-11-20,ΔΗΜΟΣ ΣΚΙΑΘΟΥ,,,,,,,,,,,,,,,,,,,,
2020-11-21,ΔΗΜΟΣ ΣΚΙΑΘΟΥ,,,,,,,,,,,,,,,,,,,,
2020-11-22,ΔΗΜΟΣ ΣΚΙΑΘΟΥ,,,,,,,,,,,,,,,,,,,,
2020-11-23,ΔΗΜΟΣ ΣΚΙΑΘΟΥ,,,,,,,,,,,,,,,,,,,,
2020-11-24,ΔΗΜΟΣ ΣΚΙΑΘΟΥ,,,,,,,,,,,,,,,,,,,,
2020-11-25,ΔΗΜΟΣ ΣΚΙΑΘΟΥ,,,,,,,,,,,,,,,,,,,,
2020-11-26,ΔΗΜΟΣ ΣΚΙΑΘΟΥ,,,,,,,,,,,,,,,,,,,,
2020-11-27,ΔΗΜΟΣ ΣΚΙΑΘΟΥ,,,,,,,,,,,,,,,,,,,,
2020-11-28,ΔΗΜΟΣ ΣΚΙΑΘΟΥ,,,,,,,,,,,,,,,,,,,,
2020-11-29,ΔΗΜΟΣ ΣΚΙΑΘΟΥ,,,,,,,,,,,,,,,,,,,,
2020-11-30,ΔΗΜΟΣ ΣΚΙΑΘΟΥ,,,,,,,,,,,,,,,,,,,,
2020-12-01,ΔΗΜΟΣ ΣΚΙΑΘΟΥ,,,,,,,,,,,,,,,,,,,,
2020-12-02,ΔΗΜΟΣ ΣΚΙΑΘΟΥ,,,,,,,,,,,,,,,,,,,,
2020-12-03,ΔΗΜΟΣ ΣΚΙΑΘΟΥ,,,,,,,,,,,,,,,,,,,,
2020-12-04,ΔΗΜΟΣ ΣΚΙΑΘΟΥ,,,,,,,,,,,,,,,,,,,,
2020-12-05,ΔΗΜΟΣ ΣΚΙΑΘΟΥ,,,,,,,,,,,,,,,,,,,,
2020-12-06,ΔΗΜΟΣ ΣΚΙΑΘΟΥ,,,,,,,,,,,,,,,,,,,,
2020-12-07,ΔΗΜΟΣ ΣΚΙΑΘΟΥ,,,,,,,,,,,,,,,,,,,,
2020-12-08,ΔΗΜΟΣ ΣΚΙΑΘΟΥ,,,,,,,,,,,,,,,,,,,,
2020-12-09,ΔΗΜΟΣ ΣΚΙΑΘΟΥ,,,,,,,,,,,,,,,,,,,,
2020-12-10,ΔΗΜΟΣ ΣΚΙΑΘΟΥ,,,,,,,,,,,,,,,,,,,,
2020-12-11,ΔΗΜΟΣ ΣΚΙΑΘΟΥ,,,,,,,,,,,,,,,,,,,,
2020-12-12,ΔΗΜΟΣ ΣΚΙΑΘΟΥ,,,,,,,,,,,,,,,,,,,,
2020-12-13,ΔΗΜΟΣ ΣΚΙΑΘΟΥ,,,,,,,,,,,,,,,,,,,,
2020-12-14,ΔΗΜΟΣ ΣΚΙΑΘΟΥ,,,,,,,,,,,,,,,,,,,,
2020-12-15,ΔΗΜΟΣ ΣΚΙΑΘΟΥ,,,,,,,,,,,,,,,,,,,,
2020-12-16,ΔΗΜΟΣ ΣΚΙΑΘΟΥ,,,,,,,,,,,,,,,,,,,,
2020-12-17,ΔΗΜΟΣ ΣΚΙΑΘΟΥ,,,,,,,,,,,,,,,,,,,,
2020-12-18,ΔΗΜΟΣ ΣΚΙΑΘΟΥ,,,,,,,,,,,,,,,,,,,,
2020-12-19,ΔΗΜΟΣ ΣΚΙΑΘΟΥ,,,,,,,,,,,,,,,,,,,,
2020-12-20,ΔΗΜΟΣ ΣΚΙΑΘΟΥ,,,,,,,,,,,,,,,,,,,,
2020-12-21,ΔΗΜΟΣ ΣΚΙΑΘΟΥ,,,,,,,,,,,,,,,,,,,,
2020-12-22,ΔΗΜΟΣ ΣΚΙΑΘΟΥ,,,,,,,,,,,,,,,,,,,,
2020-12-23,ΔΗΜΟΣ ΣΚΙΑΘΟΥ,,,,,,,,,,,,,,,,,,,,
2020-12-24,ΔΗΜΟΣ ΣΚΙΑΘΟΥ,,,,,,,,,,,,,,,,,,,,
2020-12-25,ΔΗΜΟΣ ΣΚΙΑΘΟΥ,,,,,,,,,,,,,,,,,,,,
2020-12-26,ΔΗΜΟΣ ΣΚΙΑΘΟΥ,,,,,,,,,,,,,,,,,,,,
2020-12-27,ΔΗΜΟΣ ΣΚΙΑΘΟΥ,,,,,,,,,,,,,,,,,,,,
2020-12-28,ΔΗΜΟΣ ΣΚΙΑΘΟΥ,,,,,,,,,,,,,,,,,,,,
2020-12-29,ΔΗΜΟΣ ΣΚΙΑΘΟΥ,,,,,,,,,,,,,,,,,,,,
2020-12-30,ΔΗΜΟΣ ΣΚΙΑΘΟΥ,,,,,,,,,,,,,,,,,,,,
2020-12-31,ΔΗΜΟΣ ΣΚΙΑΘΟΥ,,,,,,,,,,,,,,,,,,,,
2021-01-01,ΔΗΜΟΣ ΣΚΙΑΘΟΥ,,,,,,,,,,,,,,,,,,,,
2021-01-02,ΔΗΜΟΣ ΣΚΙΑΘΟΥ,,,,,,,,,,,,,,,,,,,,
2021-01-03,ΔΗΜΟΣ ΣΚΙΑΘΟΥ,,,,,,,,,,,,,,,,,,,,
2021-01-04,ΔΗΜΟΣ ΣΚΙΑΘΟΥ,,,,,,,,,,,,,,,,,,,,
2021-01-05,ΔΗΜΟΣ ΣΚΙΑΘΟΥ,,,,,,,,,,,,,,,,,,,,
2021-01-06,ΔΗΜΟΣ ΣΚΙΑΘΟΥ,,,,,,,,,,,,,,,,,,,,
2021-01-07,ΔΗΜΟΣ ΣΚΙΑΘΟΥ,,,,,,,,,,,,,,,,,,,,
2021-01-08,ΔΗΜΟΣ ΣΚΙΑΘΟΥ,,,,,,,,,,,,,,,,,,,,
2021-01-09,ΔΗΜΟΣ ΣΚΙΑΘΟΥ,,,,,,,,,,,,,,,,,,,,
2021-01-10,ΔΗΜΟΣ ΣΚΙΑΘΟΥ,,,,,,,,,,,,,,,,,,,,
2021-01-11,ΔΗΜΟΣ ΣΚΙΑΘΟΥ,,,,,,,,,,,,,,,,,,,,
2021-01-12,ΔΗΜΟΣ ΣΚΙΑΘΟΥ,,,,,,,,,,,,,,,,,,,,
2021-01-13,ΔΗΜΟΣ ΣΚΙΑΘΟΥ,,,,,,,,,,,,,,,,,,,,
2021-01-14,ΔΗΜΟΣ ΣΚΙΑΘΟΥ,,,,,,,,,,,,,,,,,,,,
2021-01-15,ΔΗΜΟΣ ΣΚΙΑΘΟΥ,,,,,,,,,,,,,,,,,,,,
2021-01-16,ΔΗΜΟΣ ΣΚΙΑΘΟΥ,,,,,,,,,,,,,,,,,,,,
2021-01-17,ΔΗΜΟΣ ΣΚΙΑΘΟΥ,,,,,,,,,,,,,,,,,,,,
2021-01-18,ΔΗΜΟΣ ΣΚΙΑΘΟΥ,,,,,,,,,,,,,,,,,,,,
2021-01-19,ΔΗΜΟΣ ΣΚΙΑΘΟΥ,,,,,,,,,,,,,,,,,,,,
2021-01-20,ΔΗΜΟΣ ΣΚΙΑΘΟΥ,,,,,,,,,,,,,,,,,,,,
2021-01-21,ΔΗΜΟΣ ΣΚΙΑΘΟΥ,,,,,,,,,,,,,,,,,,,,
2021-01-22,ΔΗΜΟΣ ΣΚΙΑΘΟΥ,,,,,,,,,,,,,,,,,,,,
2021-01-23,ΔΗΜΟΣ ΣΚΙΑΘΟΥ,,,,,,,,,,,,,,,,,,,,
2021-01-24,ΔΗΜΟΣ ΣΚΙΑΘΟΥ,,,,,,,,,,,,,,,,,,,,
2021-01-25,ΔΗΜΟΣ ΣΚΙΑΘΟΥ,,,,,,,,,,,,,,,,,,,,
2021-01-26,ΔΗΜΟΣ ΣΚΙΑΘΟΥ,,,,,,,,,,,,,,,,,,,,
2021-01-27,ΔΗΜΟΣ ΣΚΙΑΘΟΥ,,,,,,,,,,,,,,,,,,,,
2021-01-28,ΔΗΜΟΣ ΣΚΙΑΘΟΥ,,,,,,,,,,,,,,,,,,,,
2021-01-29,ΔΗΜΟΣ ΣΚΙΑΘΟΥ,,,,,,,,,,,,,,,,,,,,
2021-01-30,ΔΗΜΟΣ ΣΚΙΑΘΟΥ,,,,,,,,,,,,,,,,,,,,
2021-01-31,ΔΗΜΟΣ ΣΚΙΑΘΟΥ,,,,,,,,,,,,,,,,,,,,
2021-02-01,ΔΗΜΟΣ ΣΚΙΑΘΟΥ,,,,,,,,,,,,,,,,,,,,
2021-02-02,ΔΗΜΟΣ ΣΚΙΑΘΟΥ,,,,,,,,,,,,,,,,,,,,
2021-02-03,ΔΗΜΟΣ ΣΚΙΑΘΟΥ,,,,,,,,,,,,,,,,,,,,
2021-02-04,ΔΗΜΟΣ ΣΚΙΑΘΟΥ,,,,,,,,,,,,,,,,,,,,
2021-02-05,ΔΗΜΟΣ ΣΚΙΑΘΟΥ,,,,,,,,,,,,,,,,,,,,
2021-02-06,ΔΗΜΟΣ ΣΚΙΑΘΟΥ,,,,,,,,,,,,,,,,,,,,
2021-02-07,ΔΗΜΟΣ ΣΚΙΑΘΟΥ,,,,,,,,,,,,,,,,,,,,
2021-02-08,ΔΗΜΟΣ ΣΚΙΑΘΟΥ,,,,,,,,,,,,,,,,,,,,
2021-02-09,ΔΗΜΟΣ ΣΚΙΑΘΟΥ,,,,,,,,,,,,,,,,,,,,
2021-02-10,ΔΗΜΟΣ ΣΚΙΑΘΟΥ,,,,,,,,,,,,,,,,,,,,
2021-02-11,ΔΗΜΟΣ ΣΚΙΑΘΟΥ,,,,,,,,,,,,,,,,,,,,
2021-02-12,ΔΗΜΟΣ ΣΚΙΑΘΟΥ,,,,,,,,,,,,,,,,,,,,
2021-02-13,ΔΗΜΟΣ ΣΚΙΑΘΟΥ,,,,,,,,,,,,,,,,,,,,
2021-02-14,ΔΗΜΟΣ ΣΚΙΑΘΟΥ,,,,,,,,,,,,,,,,,,,,
2021-02-15,ΔΗΜΟΣ ΣΚΙΑΘΟΥ,,,,,,,,,,,,,,,,,,,,
2021-02-16,ΔΗΜΟΣ ΣΚΙΑΘΟΥ,,,,,,,,,,,,,,,,,,,,
2021-02-17,ΔΗΜΟΣ ΣΚΙΑΘΟΥ,,,,,,,,,,,,,,,,,,,,
2021-02-18,ΔΗΜΟΣ ΣΚΙΑΘΟΥ,,,,,,,,,,,,,,,,,,,,
2021-02-19,ΔΗΜΟΣ ΣΚΙΑΘΟΥ,,,,,,,,,,,,,,,,,,,,
2021-02-20,ΔΗΜΟΣ ΣΚΙΑΘΟΥ,,,,,,,,,,,,,,,,,,,,
2021-02-21,ΔΗΜΟΣ ΣΚΙΑΘΟΥ,,,,,,,,,,,,,,,,,,,,
2021-02-22,ΔΗΜΟΣ ΣΚΙΑΘΟΥ,,,,,,,,,,,,,,,,,,,,
2021-02-23,ΔΗΜΟΣ ΣΚΙΑΘΟΥ,,,,,,,,,,,,,,,,,,,,
2021-02-24,ΔΗΜΟΣ ΣΚΙΑΘΟΥ,,,,,,,,,,,,,,,,,,,,
2021-02-25,ΔΗΜΟΣ ΣΚΙΑΘΟΥ,,,,,,,,,,,,,,,,,,,,
2021-02-26,ΔΗΜΟΣ ΣΚΙΑΘΟΥ,,,,,,,,,,,,,,,,,,,,
2021-02-27,ΔΗΜΟΣ ΣΚΙΑΘΟΥ,,,,,,,,,,,,,,,,,,,,
2021-02-28,ΔΗΜΟΣ ΣΚΙΑΘΟΥ,,,,,,,,,,,,,,,,,,,,
2021-03-01,ΔΗΜΟΣ ΣΚΙΑΘΟΥ,,,,,,,,,,,,,,,,,,,,
2021-03-02,ΔΗΜΟΣ ΣΚΙΑΘΟΥ,,,,,,,,,,,,,,,,,,,,
2021-03-03,ΔΗΜΟΣ ΣΚΙΑΘΟΥ,,,,,,,,,,,,,,,,,,,,
2021-03-04,ΔΗΜΟΣ ΣΚΙΑΘΟΥ,,,,,,,,,,,,,,,,,,,,
2021-03-05,ΔΗΜΟΣ ΣΚΙΑΘΟΥ,,,,,,,,,,,,,,,,,,,,
2021-03-06,ΔΗΜΟΣ ΣΚΙΑΘΟΥ,,,,,,,,,,,,,,,,,,,,
2021-03-07,ΔΗΜΟΣ ΣΚΙΑΘΟΥ,,,,,,,,,,,,,,,,,,,,
2021-03-08,ΔΗΜΟΣ ΣΚΙΑΘΟΥ,,,,,,,,,,,,,,,,,,,,
2021-03-09,ΔΗΜΟΣ ΣΚΙΑΘΟΥ,,,,,,,,,,,,,,,,,,,,
2021-03-10,ΔΗΜΟΣ ΣΚΙΑΘΟΥ,,,,,,,,,,,,,,,,,,,,
2021-03-11,ΔΗΜΟΣ ΣΚΙΑΘΟΥ,,,,,,,,,,,,,,,,,,,,
2021-03-12,ΔΗΜΟΣ ΣΚΙΑΘΟΥ,,,,,,,,,,,,,,,,,,,,
2021-03-13,ΔΗΜΟΣ ΣΚΙΑΘΟΥ,,,,,,,,,,,,,,,,,,,,
2021-03-14,ΔΗΜΟΣ ΣΚΙΑΘΟΥ,,,,,,,,,,,,,,,,,,,,
2021-03-15,ΔΗΜΟΣ ΣΚΙΑΘΟΥ,,,,,,,,,,,,,,,,,,,,
2021-03-16,ΔΗΜΟΣ ΣΚΙΑΘΟΥ,,,,,,,,,,,,,,,,,,,,
2021-03-17,ΔΗΜΟΣ ΣΚΙΑΘΟΥ,,,,,,,,,,,,,,,,,,,,
2021-03-18,ΔΗΜΟΣ ΣΚΙΑΘΟΥ,,,,,,,,,,,,,,,,,,,,
2021-03-19,ΔΗΜΟΣ ΣΚΙΑΘΟΥ,,,,,,,,,,,,,,,,,,,,
2021-03-20,ΔΗΜΟΣ ΣΚΙΑΘΟΥ,,,,,,,,,,,,,,,,,,,,
2021-03-21,ΔΗΜΟΣ ΣΚΙΑΘΟΥ,,,,,,,,,,,,,,,,,,,,
2021-03-22,ΔΗΜΟΣ ΣΚΙΑΘΟΥ,,,,,,,,,,,,,,,,,,,,
2021-03-23,ΔΗΜΟΣ ΣΚΙΑΘΟΥ,,,,,,,,,,,,,,,,,,,,
2021-03-24,ΔΗΜΟΣ ΣΚΙΑΘΟΥ,,,,,,,,,,,,,,,,,,,,
2021-03-25,ΔΗΜΟΣ ΣΚΙΑΘΟΥ,,,,,,,,,,,,,,,,,,,,
2021-03-26,ΔΗΜΟΣ ΣΚΙΑΘΟΥ,,,,,,,,,,,,,,,,,,,,
2021-03-27,ΔΗΜΟΣ ΣΚΙΑΘΟΥ,,,,,,,,,,,,,,,,,,,,
2021-03-28,ΔΗΜΟΣ ΣΚΙΑΘΟΥ,,,,,,,,,,,,,,,,,,,,
2021-03-29,ΔΗΜΟΣ ΣΚΙΑΘΟΥ,,,,,,,,,,,,,,,,,,,,
2021-03-30,ΔΗΜΟΣ ΣΚΙΑΘΟΥ,,,,,,,,,,,,,,,,,,,,
2021-03-31,ΔΗΜΟΣ ΣΚΙΑΘΟΥ,,,,,,,,,,,,,,,,,,,,
2021-04-01,ΔΗΜΟΣ ΣΚΙΑΘΟΥ,,,,,,,,,,,,,,,,,,,,
2021-04-02,ΔΗΜΟΣ ΣΚΙΑΘΟΥ,,,,,,,,,,,,,,,,,,,,
2021-04-03,ΔΗΜΟΣ ΣΚΙΑΘΟΥ,,,,,,,,,,,,,,,,,,,,
2021-04-04,ΔΗΜΟΣ ΣΚΙΑΘΟΥ,,,,,,,,,,,,,,,,,,,,
2021-04-05,ΔΗΜΟΣ ΣΚΙΑΘΟΥ,,,,,,,,,,,,,,,,,,,,
2021-04-06,ΔΗΜΟΣ ΣΚΙΑΘΟΥ,,,,,,,,,,,,,,,,,,,,
2021-04-07,ΔΗΜΟΣ ΣΚΙΑΘΟΥ,,,,,,,,,,,,,,,,,,,,
2021-04-08,ΔΗΜΟΣ ΣΚΙΑΘΟΥ,,,,,,,,,,,,,,,,,,,,
2021-04-09,ΔΗΜΟΣ ΣΚΙΑΘΟΥ,,,,,,,,,,,,,,,,,,,,
2021-04-10,ΔΗΜΟΣ ΣΚΙΑΘΟΥ,,,,,,,,,,,,,,,,,,,,
2021-04-11,ΔΗΜΟΣ ΣΚΙΑΘΟΥ,,,,,,,,,,,,,,,,,,,,
2021-04-12,ΔΗΜΟΣ ΣΚΙΑΘΟΥ,,,,,,,,,,,,,,,,,,,,
2021-04-13,ΔΗΜΟΣ ΣΚΙΑΘΟΥ,,,,,,,,,,,,,,,,,,,,
2021-04-14,ΔΗΜΟΣ ΣΚΙΑΘΟΥ,,,,,,,,,,,,,,,,,,,,
2021-04-15,ΔΗΜΟΣ ΣΚΙΑΘΟΥ,,,,,,,,,,,,,,,,,,,,
2021-04-16,ΔΗΜΟΣ ΣΚΙΑΘΟΥ,,,,,,,,,,,,,,,,,,,,
2021-04-17,ΔΗΜΟΣ ΣΚΙΑΘΟΥ,,,,,,,,,,,,,,,,,,,,
2021-04-18,ΔΗΜΟΣ ΣΚΙΑΘΟΥ,,,,,,,,,,,,,,,,,,,,
2021-04-19,ΔΗΜΟΣ ΣΚΙΑΘΟΥ,,,,,,,,,,,,,,,,,,,,
2021-04-20,ΔΗΜΟΣ ΣΚΙΑΘΟΥ,,,,,,,,,,,,,,,,,,,,
2021-04-21,ΔΗΜΟΣ ΣΚΙΑΘΟΥ,,,,,,,,,,,,,,,,,,,,
2021-04-22,ΔΗΜΟΣ ΣΚΙΑΘΟΥ,,,,,,,,,,,,,,,,,,,,
2021-04-23,ΔΗΜΟΣ ΣΚΙΑΘΟΥ,,,,,,,,,,,,,,,,,,,,
2021-04-24,ΔΗΜΟΣ ΣΚΙΑΘΟΥ,,,,,,,,,,,,,,,,,,,,
2021-04-25,ΔΗΜΟΣ ΣΚΙΑΘΟΥ,,,,,,,,,,,,,,,,,,,,
2021-04-26,ΔΗΜΟΣ ΣΚΙΑΘΟΥ,,,,,,,,,,,,,,,,,,,,
2021-04-27,ΔΗΜΟΣ ΣΚΙΑΘΟΥ,,,,,,,,,,,,,,,,,,,,
2021-04-28,ΔΗΜΟΣ ΣΚΙΑΘΟΥ,,,,,,,,,,,,,,,,,,,,
2021-04-29,ΔΗΜΟΣ ΣΚΙΑΘΟΥ,,,,,,,,,,,,,,,,,,,,
2021-04-30,ΔΗΜΟΣ ΣΚΙΑΘΟΥ,,,,,,,,,,,,,,,,,,,,
2021-05-01,ΔΗΜΟΣ ΣΚΙΑΘΟΥ,,,,,,,,,,,,,,,,,,,,
2021-05-02,ΔΗΜΟΣ ΣΚΙΑΘΟΥ,,,,,,,,,,,,,,,,,,,,
2021-05-03,ΔΗΜΟΣ ΣΚΙΑΘΟΥ,,,,,,,,,,,,,,,,,,,,
2021-05-04,ΔΗΜΟΣ ΣΚΙΑΘΟΥ,,,,,,,,,,,,,,,,,,,,
2021-05-05,ΔΗΜΟΣ ΣΚΙΑΘΟΥ,,,,,,,,,,,,,,,,,,,,
2021-05-06,ΔΗΜΟΣ ΣΚΙΑΘΟΥ,,,,,,,,,,,,,,,,,,,,
2021-05-07,ΔΗΜΟΣ ΣΚΙΑΘΟΥ,,,,,,,,,,,,,,,,,,,,
2021-05-08,ΔΗΜΟΣ ΣΚΙΑΘΟΥ,,,,,,,,,,,,,,,,,,,,
2021-05-09,ΔΗΜΟΣ ΣΚΙΑΘΟΥ,,,,,,,,,,,,,,,,,,,,
2021-05-10,ΔΗΜΟΣ ΣΚΙΑΘΟΥ,,,,,,,,,,,,,,,,,,,,
2021-05-11,ΔΗΜΟΣ ΣΚΙΑΘΟΥ,,,,,,,,,,,,,,,,,,,,
2021-05-12,ΔΗΜΟΣ ΣΚΙΑΘΟΥ,,,,,,,,,,,,,,,,,,,,
2021-05-13,ΔΗΜΟΣ ΣΚΙΑΘΟΥ,,,,,,,,,,,,,,,,,,,,
2021-05-14,ΔΗΜΟΣ ΣΚΙΑΘΟΥ,,,,,,,,,,,,,,,,,,,,
2021-05-15,ΔΗΜΟΣ ΣΚΙΑΘΟΥ,,,,,,,,,,,,,,,,,,,,
2021-05-16,ΔΗΜΟΣ ΣΚΙΑΘΟΥ,,,,,,,,,,,,,,,,,,,,
2021-05-17,ΔΗΜΟΣ ΣΚΙΑΘΟΥ,,,,,,,,,,,,,,,,,,,,
2021-05-18,ΔΗΜΟΣ ΣΚΙΑΘΟΥ,,,,,,,,,,,,,,,,,,,,
2021-05-19,ΔΗΜΟΣ ΣΚΙΑΘΟΥ,,,,,,,,,,,,,,,,,,,,
2021-05-20,ΔΗΜΟΣ ΣΚΙΑΘΟΥ,,,,,,,,,,,,,,,,,,,,
2021-05-21,ΔΗΜΟΣ ΣΚΙΑΘΟΥ,,,,,,,,,,,,,,,,,,,,
2021-05-22,ΔΗΜΟΣ ΣΚΙΑΘΟΥ,,,,,,,,,,,,,,,,,,,,
2021-05-23,ΔΗΜΟΣ ΣΚΙΑΘΟΥ,,,,,,,,,,,,,,,,,,,,
2021-05-24,ΔΗΜΟΣ ΣΚΙΑΘΟΥ,,,,,,,,,,,,,,,,,,,,
2021-05-25,ΔΗΜΟΣ ΣΚΙΑΘΟΥ,,,,,,,,,,,,,,,,,,,,
2021-05-26,ΔΗΜΟΣ ΣΚΙΑΘΟΥ,,,,,,,,,,,,,,,,,,,,
2021-05-27,ΔΗΜΟΣ ΣΚΙΑΘΟΥ,,,,,,,,,,,,,,,,,,,,
2021-05-28,ΔΗΜΟΣ ΣΚΙΑΘΟΥ,,,,,,,,,,,,,,,,,,,,
2021-05-29,ΔΗΜΟΣ ΣΚΙΑΘΟΥ,,,,,,,,,,,,,,,,,,,,
2021-05-30,ΔΗΜΟΣ ΣΚΙΑΘΟΥ,,,,,,,,,,,,,,,,,,,,
2021-05-31,ΔΗΜΟΣ ΣΚΙΑΘΟΥ,,,,,,,,,,,,,,,,,,,,
2021-06-01,ΔΗΜΟΣ ΣΚΙΑΘΟΥ,,,,,,,,,,,,,,,,,,,,
2021-06-02,ΔΗΜΟΣ ΣΚΙΑΘΟΥ,,,,,,,,,,,,,,,,,,,,
2021-06-03,ΔΗΜΟΣ ΣΚΙΑΘΟΥ,,,,,,,,,,,,,,,,,,,,
2021-06-04,ΔΗΜΟΣ ΣΚΙΑΘΟΥ,,,,,,,,,,,,,,,,,,,,
2021-06-05,ΔΗΜΟΣ ΣΚΙΑΘΟΥ,,,,,,,,,,,,,,,,,,,,
2021-06-06,ΔΗΜΟΣ ΣΚΙΑΘΟΥ,,,,,,,,,,,,,,,,,,,,
2021-06-07,ΔΗΜΟΣ ΣΚΙΑΘΟΥ,,,,,,,,,,,,,,,,,,,,
2021-06-08,ΔΗΜΟΣ ΣΚΙΑΘΟΥ,,,,,,,,,,,,,,,,,,,,
2021-06-09,ΔΗΜΟΣ ΣΚΙΑΘΟΥ,,,,,,,,,,,,,,,,,,,,
2021-06-10,ΔΗΜΟΣ ΣΚΙΑΘΟΥ,,,,,,,,,,,,,,,,,,,,
2021-06-11,ΔΗΜΟΣ ΣΚΙΑΘΟΥ,,,,,,,,,,,,,,,,,,,,
2021-06-12,ΔΗΜΟΣ ΣΚΙΑΘΟΥ,,,,,,,,,,,,,,,,,,,,
2021-06-13,ΔΗΜΟΣ ΣΚΙΑΘΟΥ,,,,,,,,,,,,,,,,,,,,
2021-06-14,ΔΗΜΟΣ ΣΚΙΑΘΟΥ,,,,,,,,,,,,,,,,,,,,
2021-06-15,ΔΗΜΟΣ ΣΚΙΑΘΟΥ,,,,,,,,,,,,,,,,,,,,
2021-06-16,ΔΗΜΟΣ ΣΚΙΑΘΟΥ,,,,,,,,,,,,,,,,,,,,
2021-06-17,ΔΗΜΟΣ ΣΚΙΑΘΟΥ,,,,,,,,,,,,,,,,,,,,
2021-06-18,ΔΗΜΟΣ ΣΚΙΑΘΟΥ,,,,,,,,,,,,,,,,,,,,
2021-06-19,ΔΗΜΟΣ ΣΚΙΑΘΟΥ,,,,,,,,,,,,,,,,,,,,
2021-06-20,ΔΗΜΟΣ ΣΚΙΑΘΟΥ,,,,,,,,,,,,,,,,,,,,
2021-06-21,ΔΗΜΟΣ ΣΚΙΑΘΟΥ,,,,,,,,,,,,,,,,,,,,
2021-06-22,ΔΗΜΟΣ ΣΚΙΑΘΟΥ,,,,,,,,,,,,,,,,,,,,
2021-06-23,ΔΗΜΟΣ ΣΚΙΑΘΟΥ,,,,,,,,,,,,,,,,,,,,
2021-06-24,ΔΗΜΟΣ ΣΚΙΑΘΟΥ,,,,,,,,,,,,,,,,,,,,
2021-06-25,ΔΗΜΟΣ ΣΚΙΑΘΟΥ,,,,,,,,,,,,,,,,,,,,
2021-06-26,ΔΗΜΟΣ ΣΚΙΑΘΟΥ,,,,,,,,,,,,,,,,,,,,
2021-06-27,ΔΗΜΟΣ ΣΚΙΑΘΟΥ,,,,,,,,,,,,,,,,,,,,
2021-06-28,ΔΗΜΟΣ ΣΚΙΑΘΟΥ,,,,,,,,,,,,,,,,,,,,
2021-06-29,ΔΗΜΟΣ ΣΚΙΑΘΟΥ,,,,,,,,,,,,,,,,,,,,
2021-06-30,ΔΗΜΟΣ ΣΚΙΑΘΟΥ,,,,,,,,,,,,,,,,,,,,
2021-07-01,ΔΗΜΟΣ ΣΚΙΑΘΟΥ,,,,,,,,,,,,,,,,,,,,
2021-07-02,ΔΗΜΟΣ ΣΚΙΑΘΟΥ,,,,,,,,,,,,,,,,,,,,
2021-07-03,ΔΗΜΟΣ ΣΚΙΑΘΟΥ,,,,,,,,,,,,,,,,,,,,
2021-07-04,ΔΗΜΟΣ ΣΚΙΑΘΟΥ,,,,,,,,,,,,,,,,,,,,
2021-07-05,ΔΗΜΟΣ ΣΚΙΑΘΟΥ,,,,,,,,,,,,,,,,,,,,
2021-07-06,ΔΗΜΟΣ ΣΚΙΑΘΟΥ,,,,,,,,,,,,,,,,,,,,
2021-07-07,ΔΗΜΟΣ ΣΚΙΑΘΟΥ,,,,,,,,,,,,,,,,,,,,
2021-07-08,ΔΗΜΟΣ ΣΚΙΑΘΟΥ,,,,,,,,,,,,,,,,,,,,
2021-07-09,ΔΗΜΟΣ ΣΚΙΑΘΟΥ,,,,,,,,,,,,,,,,,,,,
2021-07-10,ΔΗΜΟΣ ΣΚΙΑΘΟΥ,,,,,,,,,,,,,,,,,,,,
2021-07-11,ΔΗΜΟΣ ΣΚΙΑΘΟΥ,,,,,,,,,,,,,,,,,,,,
2021-07-12,ΔΗΜΟΣ ΣΚΙΑΘΟΥ,,,,,,,,,,,,,,,,,,,,
2021-07-13,ΔΗΜΟΣ ΣΚΙΑΘΟΥ,,,,,,,,,,,,,,,,,,,,
2021-07-14,ΔΗΜΟΣ ΣΚΙΑΘΟΥ,,,,,,,,,,,,,,,,,,,,
2021-07-15,ΔΗΜΟΣ ΣΚΙΑΘΟΥ,,,,,,,,,,,,,,,,,,,,
2021-07-16,ΔΗΜΟΣ ΣΚΙΑΘΟΥ,,,,,,,,,,,,,,,,,,,,
2021-07-17,ΔΗΜΟΣ ΣΚΙΑΘΟΥ,,,,,,,,,,,,,,,,,,,,
2021-07-18,ΔΗΜΟΣ ΣΚΙΑΘΟΥ,,,,,,,,,,,,,,,,,,,,
2021-07-19,ΔΗΜΟΣ ΣΚΙΑΘΟΥ,,,,,,,,,,,,,,,,,,,,
2021-07-20,ΔΗΜΟΣ ΣΚΙΑΘΟΥ,,,,,,,,,,,,,,,,,,,,
2021-07-21,ΔΗΜΟΣ ΣΚΙΑΘΟΥ,,,,,,,,,,,,,,,,,,,,
2021-07-22,ΔΗΜΟΣ ΣΚΙΑΘΟΥ,,,,,,,,,,,,,,,,,,,,
2021-07-23,ΔΗΜΟΣ ΣΚΙΑΘΟΥ,,,,,,,,,,,,,,,,,,,,
2021-07-24,ΔΗΜΟΣ ΣΚΙΑΘΟΥ,,,,,,,,,,,,,,,,,,,,
2021-07-25,ΔΗΜΟΣ ΣΚΙΑΘΟΥ,,,,,,,,,,,,,,,,,,,,
2021-07-26,ΔΗΜΟΣ ΣΚΙΑΘΟΥ,,,,,,,,,,,,,,,,,,,,
2021-07-27,ΔΗΜΟΣ ΣΚΙΑΘΟΥ,,,,,,,,,,,,,,,,,,,,
2021-07-28,ΔΗΜΟΣ ΣΚΙΑΘΟΥ,,,,,,,,,,,,,,,,,,,,
2021-07-29,ΔΗΜΟΣ ΣΚΙΑΘΟΥ,,,,,,,,,,,,,,,,,,,,
2021-07-30,ΔΗΜΟΣ ΣΚΙΑΘΟΥ,,,,,,,,,,,,,,,,,,,,
2021-07-31,ΔΗΜΟΣ ΣΚΙΑΘΟΥ,,,,,,,,,,,,,,,,,,,,
2021-08-01,ΔΗΜΟΣ ΣΚΙΑΘΟΥ,,,,,,,,,,,,,,,,,,,,
2021-08-02,ΔΗΜΟΣ ΣΚΙΑΘΟΥ,,,,,,,,,,,,,,,,,,,,
2021-08-03,ΔΗΜΟΣ ΣΚΙΑΘΟΥ,,,,,,,,,,,,,,,,,,,,
2021-08-04,ΔΗΜΟΣ ΣΚΙΑΘΟΥ,,,,,,,,,,,,,,,,,,,,
2021-08-05,ΔΗΜΟΣ ΣΚΙΑΘΟΥ,,,,,,,,,,,,,,,,,,,,
2021-08-06,ΔΗΜΟΣ ΣΚΙΑΘΟΥ,,,,,,,,,,,,,,,,,,,,
2021-08-07,ΔΗΜΟΣ ΣΚΙΑΘΟΥ,,,,,,,,,,,,,,,,,,,,
2021-08-08,ΔΗΜΟΣ ΣΚΙΑΘΟΥ,,,,,,,,,,,,,,,,,,,,
2021-08-09,ΔΗΜΟΣ ΣΚΙΑΘΟΥ,,,,,,,,,,,,,,,,,,,,
2021-08-10,ΔΗΜΟΣ ΣΚΙΑΘΟΥ,,,,,,,,,,,,,,,,,,,,
2021-08-11,ΔΗΜΟΣ ΣΚΙΑΘΟΥ,,,,,,,,,,,,,,,,,,,,
2021-08-12,ΔΗΜΟΣ ΣΚΙΑΘΟΥ,,,,,,,,,,,,,,,,,,,,
2021-08-13,ΔΗΜΟΣ ΣΚΙΑΘΟΥ,,,,,,,,,,,,,,,,,,,,
2021-08-14,ΔΗΜΟΣ ΣΚΙΑΘΟΥ,,,,,,,,,,,,,,,,,,,,
2021-08-15,ΔΗΜΟΣ ΣΚΙΑΘΟΥ,,,,,,,,,,,,,,,,,,,,
2021-08-16,ΔΗΜΟΣ ΣΚΙΑΘΟΥ,,,,,,,,,,,,,,,,,,,,
2021-08-17,ΔΗΜΟΣ ΣΚΙΑΘΟΥ,,,,,,,,,,,,,,,,,,,,
2021-08-18,ΔΗΜΟΣ ΣΚΙΑΘΟΥ,,,,,,,,,,,,,,,,,,,,
2021-08-19,ΔΗΜΟΣ ΣΚΙΑΘΟΥ,,,,,,,,,,,,,,,,,,,,
2021-08-20,ΔΗΜΟΣ ΣΚΙΑΘΟΥ,,,,,,,,,,,,,,,,,,,,
2021-08-21,ΔΗΜΟΣ ΣΚΙΑΘΟΥ,,,,,,,,,,,,,,,,,,,,
2021-08-22,ΔΗΜΟΣ ΣΚΙΑΘΟΥ,,,,,,,,,,,,,,,,,,,,
2021-08-23,ΔΗΜΟΣ ΣΚΙΑΘΟΥ,,,,,,,,,,,,,,,,,,,,
2021-08-24,ΔΗΜΟΣ ΣΚΙΑΘΟΥ,,,,,,,,,,,,,,,,,,,,
2021-08-25,ΔΗΜΟΣ ΣΚΙΑΘΟΥ,,,,,,,,,,,,,,,,,,,,
2021-08-26,ΔΗΜΟΣ ΣΚΙΑΘΟΥ,,,,,,,,,,,,,,,,,,,,
2021-08-27,ΔΗΜΟΣ ΣΚΙΑΘΟΥ,,,,,,,,,,,,,,,,,,,,
2021-08-28,ΔΗΜΟΣ ΣΚΙΑΘΟΥ,,,,,,,,,,,,,,,,,,,,
2021-08-29,ΔΗΜΟΣ ΣΚΙΑΘΟΥ,,,,,,,,,,,,,,,,,,,,
2021-08-30,ΔΗΜΟΣ ΣΚΙΑΘΟΥ,,,,,,,,,,,,,,,,,,,,
2021-08-31,ΔΗΜΟΣ ΣΚΙΑΘΟΥ,,,,,,,,,,,,,,,,,,,,
2021-09-01,ΔΗΜΟΣ ΣΚΙΑΘΟΥ,,,,,,,,,,,,,,,,,,,,
2021-09-02,ΔΗΜΟΣ ΣΚΙΑΘΟΥ,,,,,,,,,,,,,,,,,,,,
2021-09-03,ΔΗΜΟΣ ΣΚΙΑΘΟΥ,,,,,,,,,,,,,,,,,,,,
2021-09-04,ΔΗΜΟΣ ΣΚΙΑΘΟΥ,,,,,,,,,,,,,,,,,,,,
2021-09-05,ΔΗΜΟΣ ΣΚΙΑΘΟΥ,,,,,,,,,,,,,,,,,,,,
2021-09-06,ΔΗΜΟΣ ΣΚΙΑΘΟΥ,,,,,,,,,,,,,,,,,,,,
2021-09-07,ΔΗΜΟΣ ΣΚΙΑΘΟΥ,,,,,,,,,,,,,,,,,,,,
2021-09-08,ΔΗΜΟΣ ΣΚΙΑΘΟΥ,,,,,,,,,,,,,,,,,,,,
2021-09-09,ΔΗΜΟΣ ΣΚΙΑΘΟΥ,,,,,,,,,,,,,,,,,,,,
2021-09-10,ΔΗΜΟΣ ΣΚΙΑΘΟΥ,,,,,,,,,,,,,,,,,,,,
2021-09-11,ΔΗΜΟΣ ΣΚΙΑΘΟΥ,,,,,,,,,,,,,,,,,,,,
2021-09-12,ΔΗΜΟΣ ΣΚΙΑΘΟΥ,,,,,,,,,,,,,,,,,,,,
2021-09-13,ΔΗΜΟΣ ΣΚΙΑΘΟΥ,,,,,,,,,,,,,,,,,,,,
2021-09-14,ΔΗΜΟΣ ΣΚΙΑΘΟΥ,,,,,,,,,,,,,,,,,,,,
2021-09-15,ΔΗΜΟΣ ΣΚΙΑΘΟΥ,,,,,,,,,,,,,,,,,,,,
2021-09-16,ΔΗΜΟΣ ΣΚΙΑΘΟΥ,,,,,,,,,,,,,,,,,,,,
2021-09-17,ΔΗΜΟΣ ΣΚΙΑΘΟΥ,,,,,,,,,,,,,,,,,,,,
2021-09-18,ΔΗΜΟΣ ΣΚΙΑΘΟΥ,,,,,,,,,,,,,,,,,,,,
2021-09-19,ΔΗΜΟΣ ΣΚΙΑΘΟΥ,,,,,,,,,,,,,,,,,,,,
2021-09-20,ΔΗΜΟΣ ΣΚΙΑΘΟΥ,,,,,,,,,,,,,,,,,,,,
2021-09-21,ΔΗΜΟΣ ΣΚΙΑΘΟΥ,,,,,,,,,,,,,,,,,,,,
2021-09-22,ΔΗΜΟΣ ΣΚΙΑΘΟΥ,,,,,,,,,,,,,,,,,,,,
2021-09-23,ΔΗΜΟΣ ΣΚΙΑΘΟΥ,,,,,,,,,,,,,,,,,,,,
2021-09-24,ΔΗΜΟΣ ΣΚΙΑΘΟΥ,,,,,,,,,,,,,,,,,,,,
2021-09-25,ΔΗΜΟΣ ΣΚΙΑΘΟΥ,,,,,,,,,,,,,,,,,,,,
2021-09-26,ΔΗΜΟΣ ΣΚΙΑΘΟΥ,,,,,,,,,,,,,,,,,,,,
2021-09-27,ΔΗΜΟΣ ΣΚΙΑΘΟΥ,,,,,,,,,,,,,,,,,,,,
2021-09-28,ΔΗΜΟΣ ΣΚΙΑΘΟΥ,,,,,,,,,,,,,,,,,,,,
2021-09-29,ΔΗΜΟΣ ΣΚΙΑΘΟΥ,,,,,,,,,,,,,,,,,,,,
2021-09-30,ΔΗΜΟΣ ΣΚΙΑΘΟΥ,,,,,,,,,,,,,,,,,,,,
2021-10-01,ΔΗΜΟΣ ΣΚΙΑΘΟΥ,,,,,,,,,,,,,,,,,,,,
2021-10-02,ΔΗΜΟΣ ΣΚΙΑΘΟΥ,,,,,,,,,,,,,,,,,,,,
2021-10-03,ΔΗΜΟΣ ΣΚΙΑΘΟΥ,,,,,,,,,,,,,,,,,,,,
2021-10-04,ΔΗΜΟΣ ΣΚΙΑΘΟΥ,,,,,,,,,,,,,,,,,,,,
2021-10-05,ΔΗΜΟΣ ΣΚΙΑΘΟΥ,,,,,,,,,,,,,,,,,,,,
2021-10-06,ΔΗΜΟΣ ΣΚΙΑΘΟΥ,,,,,,,,,,,,,,,,,,,,
2021-10-07,ΔΗΜΟΣ ΣΚΙΑΘΟΥ,,,,,,,,,,,,,,,,,,,,
2021-10-08,ΔΗΜΟΣ ΣΚΙΑΘΟΥ,,,,,,,,,,,,,,,,,,,,
2021-10-09,ΔΗΜΟΣ ΣΚΙΑΘΟΥ,,,,,,,,,,,,,,,,,,,,
2021-10-10,ΔΗΜΟΣ ΣΚΙΑΘΟΥ,,,,,,,,,,,,,,,,,,,,
2021-10-11,ΔΗΜΟΣ ΣΚΙΑΘΟΥ,,,,,,,,,,,,,,,,,,,,
2021-10-12,ΔΗΜΟΣ ΣΚΙΑΘΟΥ,,,,,,,,,,,,,,,,,,,,
2021-10-13,ΔΗΜΟΣ ΣΚΙΑΘΟΥ,,,,,,,,,,,,,,,,,,,,
2021-10-14,ΔΗΜΟΣ ΣΚΙΑΘΟΥ,,,,,,,,,,,,,,,,,,,,
2021-10-15,ΔΗΜΟΣ ΣΚΙΑΘΟΥ,,,,,,,,,,,,,,,,,,,,
2021-10-16,ΔΗΜΟΣ ΣΚΙΑΘΟΥ,,,,,,,,,,,,,,,,,,,,
2021-10-17,ΔΗΜΟΣ ΣΚΙΑΘΟΥ,,,,,,,,,,,,,,,,,,,,
2021-10-18,ΔΗΜΟΣ ΣΚΙΑΘΟΥ,,,,,,,,,,,,,,,,,,,,
2021-10-19,ΔΗΜΟΣ ΣΚΙΑΘΟΥ,,,,,,,,,,,,,,,,,,,,
2021-10-20,ΔΗΜΟΣ ΣΚΙΑΘΟΥ,,,,,,,,,,,,,,,,,,,,
2021-10-21,ΔΗΜΟΣ ΣΚΙΑΘΟΥ,,,,,,,,,,,,,,,,,,,,
2021-10-22,ΔΗΜΟΣ ΣΚΙΑΘΟΥ,,,,,,,,,,,,,,,,,,,,
2021-10-23,ΔΗΜΟΣ ΣΚΙΑΘΟΥ,,,,,,,,,,,,,,,,,,,,
2021-10-24,ΔΗΜΟΣ ΣΚΙΑΘΟΥ,,,,,,,,,,,,,,,,,,,,
2021-10-25,ΔΗΜΟΣ ΣΚΙΑΘΟΥ,,,,,,,,,,,,,,,,,,,,
2021-10-26,ΔΗΜΟΣ ΣΚΙΑΘΟΥ,,,,,,,,,,,,,,,,,,,,
2021-10-27,ΔΗΜΟΣ ΣΚΙΑΘΟΥ,,,,,,,,,,,,,,,,,,,,
2021-10-28,ΔΗΜΟΣ ΣΚΙΑΘΟΥ,,,,,,,,,,,,,,,,,,,,
2021-10-29,ΔΗΜΟΣ ΣΚΙΑΘΟΥ,,,,,,,,,,,,,,,,,,,,
2021-10-30,ΔΗΜΟΣ ΣΚΙΑΘΟΥ,,,,,,,,,,,,,,,,,,,,
2021-10-31,ΔΗΜΟΣ ΣΚΙΑΘΟΥ,,,,,,,,,,,,,,,,,,,,
2021-11-01,ΔΗΜΟΣ ΣΚΙΑΘΟΥ,,,,,,,,,,,,,,,,,,,,
2021-11-02,ΔΗΜΟΣ ΣΚΙΑΘΟΥ,,,,,,,,,,,,,,,,,,,,
2021-11-03,ΔΗΜΟΣ ΣΚΙΑΘΟΥ,,,,,,,,,,,,,,,,,,,,
2021-11-04,ΔΗΜΟΣ ΣΚΙΑΘΟΥ,,,,,,,,,,,,,,,,,,,,
2021-11-05,ΔΗΜΟΣ ΣΚΙΑΘΟΥ,,,,,,,,,,,,,,,,,,,,
2021-11-06,ΔΗΜΟΣ ΣΚΙΑΘΟΥ,,,,,,,,,,,,,,,,,,,,
2021-11-07,ΔΗΜΟΣ ΣΚΙΑΘΟΥ,,,,,,,,,,,,,,,,,,,,
2021-11-08,ΔΗΜΟΣ ΣΚΙΑΘΟΥ,,,,,,,,,,,,,,,,,,,,
2021-11-09,ΔΗΜΟΣ ΣΚΙΑΘΟΥ,,,,,,,,,,,,,,,,,,,,
2021-11-10,ΔΗΜΟΣ ΣΚΙΑΘΟΥ,,,,,,,,,,,,,,,,,,,,
2021-11-11,ΔΗΜΟΣ ΣΚΙΑΘΟΥ,,,,,,,,,,,,,,,,,,,,
2021-11-12,ΔΗΜΟΣ ΣΚΙΑΘΟΥ,,,,,,,,,,,,,,,,,,,,
2021-11-13,ΔΗΜΟΣ ΣΚΙΑΘΟΥ,,,,,,,,,,,,,,,,,,,,
2021-11-14,ΔΗΜΟΣ ΣΚΙΑΘΟΥ,,,,,,,,,,,,,,,,,,,,
2021-11-15,ΔΗΜΟΣ ΣΚΙΑΘΟΥ,,,,,,,,,,,,,,,,,,,,
2021-11-16,ΔΗΜΟΣ ΣΚΙΑΘΟΥ,,,,,,,,,,,,,,,,,,,,
2021-11-17,ΔΗΜΟΣ ΣΚΙΑΘΟΥ,,,,,,,,,,,,,,,,,,,,
2021-11-18,ΔΗΜΟΣ ΣΚΙΑΘΟΥ,,,,,,,,,,,,,,,,,,,,
2021-11-19,ΔΗΜΟΣ ΣΚΙΑΘΟΥ,,,,,,,,,,,,,,,,,,,,
2021-11-20,ΔΗΜΟΣ ΣΚΙΑΘΟΥ,,,,,,,,,,,,,,,,,,,,
2021-11-21,ΔΗΜΟΣ ΣΚΙΑΘΟΥ,,,,,,,,,,,,,,,,,,,,
2021-11-22,ΔΗΜΟΣ ΣΚΙΑΘΟΥ,,,,,,,,,,,,,,,,,,,,
2021-11-23,ΔΗΜΟΣ ΣΚΙΑΘΟΥ,,,,,,,,,,,,,,,,,,,,
2021-11-24,ΔΗΜΟΣ ΣΚΙΑΘΟΥ,,,,,,,,,,,,,,,,,,,,
2021-11-25,ΔΗΜΟΣ ΣΚΙΑΘΟΥ,,,,,,,,,,,,,,,,,,,,
2021-11-26,ΔΗΜΟΣ ΣΚΙΑΘΟΥ,,,,,,,,,,,,,,,,,,,,
2021-11-27,ΔΗΜΟΣ ΣΚΙΑΘΟΥ,,,,,,,,,,,,,,,,,,,,
2021-11-28,ΔΗΜΟΣ ΣΚΙΑΘΟΥ,,,,,,,,,,,,,,,,,,,,
2021-11-29,ΔΗΜΟΣ ΣΚΙΑΘΟΥ,,,,,,,,,,,,,,,,,,,,
2021-11-30,ΔΗΜΟΣ ΣΚΙΑΘΟΥ,,,,,,,,,,,,,,,,,,,,
2021-12-01,ΔΗΜΟΣ ΣΚΙΑΘΟΥ,,,,,,,,,,,,,,,,,,,,
2021-12-02,ΔΗΜΟΣ ΣΚΙΑΘΟΥ,,,,,,,,,,,,,,,,,,,,
2021-12-03,ΔΗΜΟΣ ΣΚΙΑΘΟΥ,,,,,,,,,,,,,,,,,,,,
2021-12-04,ΔΗΜΟΣ ΣΚΙΑΘΟΥ,,,,,,,,,,,,,,,,,,,,
2021-12-05,ΔΗΜΟΣ ΣΚΙΑΘΟΥ,,,,,,,,,,,,,,,,,,,,
2021-12-06,ΔΗΜΟΣ ΣΚΙΑΘΟΥ,,,,,,,,,,,,,,,,,,,,
2021-12-07,ΔΗΜΟΣ ΣΚΙΑΘΟΥ,,,,,,,,,,,,,,,,,,,,
2021-12-08,ΔΗΜΟΣ ΣΚΙΑΘΟΥ,,,,,,,,,,,,,,,,,,,,
2021-12-09,ΔΗΜΟΣ ΣΚΙΑΘΟΥ,,,,,,,,,,,,,,,,,,,,
2021-12-10,ΔΗΜΟΣ ΣΚΙΑΘΟΥ,,,,,,,,,,,,,,,,,,,,
2021-12-11,ΔΗΜΟΣ ΣΚΙΑΘΟΥ,,,,,,,,,,,,,,,,,,,,
2021-12-12,ΔΗΜΟΣ ΣΚΙΑΘΟΥ,,,,,,,,,,,,,,,,,,,,
2021-12-13,ΔΗΜΟΣ ΣΚΙΑΘΟΥ,,,,,,,,,,,,,,,,,,,,
2021-12-14,ΔΗΜΟΣ ΣΚΙΑΘΟΥ,,,,,,,,,,,,,,,,,,,,
2021-12-15,ΔΗΜΟΣ ΣΚΙΑΘΟΥ,,,,,,,,,,,,,,,,,,,,
2021-12-16,ΔΗΜΟΣ ΣΚΙΑΘΟΥ,,,,,,,,,,,,,,,,,,,,
2021-12-17,ΔΗΜΟΣ ΣΚΙΑΘΟΥ,,,,,,,,,,,,,,,,,,,,
2021-12-18,ΔΗΜΟΣ ΣΚΙΑΘΟΥ,,,,,,,,,,,,,,,,,,,,
2021-12-19,ΔΗΜΟΣ ΣΚΙΑΘΟΥ,,,,,,,,,,,,,,,,,,,,
2021-12-20,ΔΗΜΟΣ ΣΚΙΑΘΟΥ,,,,,,,,,,,,,,,,,,,,
2021-12-21,ΔΗΜΟΣ ΣΚΙΑΘΟΥ,,,,,,,,,,,,,,,,,,,,
2021-12-22,ΔΗΜΟΣ ΣΚΙΑΘΟΥ,,,,,,,,,,,,,,,,,,,,
2021-12-23,ΔΗΜΟΣ ΣΚΙΑΘΟΥ,,,,,,,,,,,,,,,,,,,,
2021-12-24,ΔΗΜΟΣ ΣΚΙΑΘΟΥ,,,,,,,,,,,,,,,,,,,,
2021-12-25,ΔΗΜΟΣ ΣΚΙΑΘΟΥ,,,,,,,,,,,,,,,,,,,,
2021-12-26,ΔΗΜΟΣ ΣΚΙΑΘΟΥ,,,,,,,,,,,,,,,,,,,,
2021-12-27,ΔΗΜΟΣ ΣΚΙΑΘΟΥ,,,,,,,,,,,,,,,,,,,,
2021-12-28,ΔΗΜΟΣ ΣΚΙΑΘΟΥ,,,,,,,,,,,,,,,,,,,,
2021-12-29,ΔΗΜΟΣ ΣΚΙΑΘΟΥ,,,,,,,,,,,,,,,,,,,,
2021-12-30,ΔΗΜΟΣ ΣΚΙΑΘΟΥ,,,,,,,,,,,,,,,,,,,,
2021-12-31,ΔΗΜΟΣ ΣΚΙΑΘΟΥ,,,,,,,,,,,,,,,,,,,,
